system:index,grid_m,lat,lon,month,s1_scenes_in_month,slope_max_deg,vv_db_thresh,water_frac,x_idx,y_idx,year,ym,.geo
0_0,30000,49.18022767009991,-117.31480495663298,1,99,10,-17,0.0,0,0,2023,2023-01,"{""type"":""MultiPoint"",""coordinates"":[]}"
0_1,30000,49.284646140761865,-116.93460285017092,1,99,10,-17,0.05994445144907482,0,0,2023,2023-01,"{""type"":""MultiPoint"",""coordinates"":[]}"
0_2,30000,49.38760957074548,-116.5525010802803,1,99,10,-17,0.0,0,0,2023,2023-01,"{""type"":""MultiPoint"",""coordinates"":[]}"
0_3,30000,49.21421301288176,-118.23446576361728,1,99,10,-17,0.0,0,0,2023,2023-01,"{""type"":""MultiPoint"",""coordinates"":[]}"
0_4,30000,49.428828209113526,-117.47615002147718,1,99,10,-17,0.0,0,0,2023,2023-01,"{""type"":""MultiPoint"",""coordinates"":[]}"
0_5,30000,49.53396897725848,-117.09406857632294,1,99,10,-17,0.0,0,0,2023,2023-01,"{""type"":""MultiPoint"",""coordinates"":[]}"
0_6,30000,49.63764742530981,-116.71005494498901,1,99,10,-17,0.0,0,0,2023,2023-01,"{""type"":""MultiPoint"",""coordinates"":[]}"
0_7,30000,49.739850320366976,-116.3241226397088,1,99,10,-17,0.0,0,0,2023,2023-01,"{""type"":""MultiPoint"",""coordinates"":[]}"
0_8,30000,49.46128713174212,-118.40144071980905,1,99,10,-17,0.0,0,0,2023,2023-01,"{""type"":""MultiPoint"",""coordinates"":[]}"
0_9,30000,49.570055481237304,-118.02143560882614,1,99,10,-17,0.0,0,0,2023,2023-01,"{""type"":""MultiPoint"",""coordinates"":[]}"
0_10,30000,49.67738129258726,-117.63944020570969,1,99,10,-17,0.0,0,0,2023,2023-01,"{""type"":""MultiPoint"",""coordinates"":[]}"
0_11,30000,49.783250997210715,-117.25546660422468,1,99,10,-17,0.0398455863858745,0,0,2023,2023-01,"{""type"":""MultiPoint"",""coordinates"":[]}"
0_12,30000,49.887651095363516,-116.8695276003889,1,99,10,-17,0.0,0,0,2023,2023-01,"{""type"":""MultiPoint"",""coordinates"":[]}"
0_13,30000,49.99056816130502,-116.48163670037009,1,99,10,-17,0.0,0,0,2023,2023-01,"{""type"":""MultiPoint"",""coordinates"":[]}"
0_14,30000,49.70829163092027,-118.57041748216366,1,99,10,-17,0.0,0,0,2023,2023-01,"{""type"":""MultiPoint"",""coordinates"":[]}"
0_15,30000,49.81780963922117,-118.1885751638864,1,99,10,-17,0.0,0,0,2023,2023-01,"{""type"":""MultiPoint"",""coordinates"":[]}"
0_16,30000,49.92587820738716,-117.80470870536384,1,99,10,-17,0.0,0,0,2023,2023-01,"{""type"":""MultiPoint"",""coordinates"":[]}"
0_17,30000,50.032483572308095,-117.41883015284704,1,99,10,-17,0.0,0,0,2023,2023-01,"{""type"":""MultiPoint"",""coordinates"":[]}"
0_18,30000,50.065491966951875,-118.35773897757556,1,99,10,-17,0.0,0,0,2023,2023-01,"{""type"":""MultiPoint"",""coordinates"":[]}"
0_19,30000,52.10159673710142,-117.40815455704802,1,99,10,-17,0.0,0,0,2023,2023-01,"{""type"":""MultiPoint"",""coordinates"":[]}"
0_20,30000,52.20734520139947,-116.99963638331744,1,99,10,-17,0.0,0,0,2023,2023-01,"{""type"":""MultiPoint"",""coordinates"":[]}"
0_21,30000,52.311505756254896,-116.58891787321416,1,99,10,-17,0.06721407823357226,0,0,2023,2023-01,"{""type"":""MultiPoint"",""coordinates"":[]}"
0_22,30000,52.41406362710366,-116.17601572764892,1,99,10,-17,0.0,0,0,2023,2023-01,"{""type"":""MultiPoint"",""coordinates"":[]}"
0_23,30000,52.352439512601634,-117.58226888824623,1,99,10,-17,0.0,0,0,2023,2023-01,"{""type"":""MultiPoint"",""coordinates"":[]}"
0_24,30000,52.458950151741966,-117.1715837603088,1,99,10,-17,0.042742762849070956,0,0,2023,2023-01,"{""type"":""MultiPoint"",""coordinates"":[]}"
0_25,30000,52.56386468909943,-116.75865779499183,1,99,10,-17,0.0012669100793040885,0,0,2023,2023-01,"{""type"":""MultiPoint"",""coordinates"":[]}"
0_26,30000,52.66716811913094,-116.34350769123394,1,99,10,-17,0.0,0,0,2023,2023-01,"{""type"":""MultiPoint"",""coordinates"":[]}"
0_27,30000,52.60317135958741,-117.7586399806141,1,99,10,-17,0.0,0,0,2023,2023-01,"{""type"":""MultiPoint"",""coordinates"":[]}"
0_28,30000,52.71045173248939,-117.34577212936695,1,99,10,-17,0.0,0,0,2023,2023-01,"{""type"":""MultiPoint"",""coordinates"":[]}"
0_29,30000,52.81612780426741,-116.93062201161017,1,99,10,-17,0.0,0,0,2023,2023-01,"{""type"":""MultiPoint"",""coordinates"":[]}"
0_30,30000,53.415647481881564,-114.39279613532302,1,99,10,-17,0.0,0,0,2023,2023-01,"{""type"":""MultiPoint"",""coordinates"":[]}"
0_31,30000,53.60197441351149,-113.5294665635097,1,99,10,-17,0.0,0,0,2023,2023-01,"{""type"":""MultiPoint"",""coordinates"":[]}"
0_32,30000,52.2898535717501,-119.97725550517926,1,99,10,-17,0.0,0,0,2023,2023-01,"{""type"":""MultiPoint"",""coordinates"":[]}"
0_33,30000,52.405738840261776,-119.57402864063553,1,99,10,-17,0.0,0,0,2023,2023-01,"{""type"":""MultiPoint"",""coordinates"":[]}"
0_34,30000,52.85378245083254,-117.9373092308009,1,99,10,-17,0.0,0,0,2023,2023-01,"{""type"":""MultiPoint"",""coordinates"":[]}"
0_35,30000,52.96184022206535,-117.522242923646,1,99,10,-17,0.01884656690136314,0,0,2023,2023-01,"{""type"":""MultiPoint"",""coordinates"":[]}"
0_36,30000,53.06828548764293,-117.10485196858394,1,99,10,-17,0.0,0,0,2023,2023-01,"{""type"":""MultiPoint"",""coordinates"":[]}"
0_37,30000,52.65300127031511,-119.7634629346544,1,99,10,-17,0.0,0,0,2023,2023-01,"{""type"":""MultiPoint"",""coordinates"":[]}"
0_38,30000,52.99381495113538,-118.53321579118975,1,99,10,-17,0.0,0,0,2023,2023-01,"{""type"":""MultiPoint"",""coordinates"":[]}"
0_39,30000,53.21310573584495,-117.70103852867418,1,99,10,-17,0.0,0,0,2023,2023-01,"{""type"":""MultiPoint"",""coordinates"":[]}"
0_40,30000,52.90009134683862,-119.95533376849434,1,99,10,-17,0.0,0,0,2023,2023-01,"{""type"":""MultiPoint"",""coordinates"":[]}"
0_41,30000,53.13050779314373,-119.13343464452662,1,99,10,-17,0.0,0,0,2023,2023-01,"{""type"":""MultiPoint"",""coordinates"":[]}"
0_42,30000,53.243353374368105,-118.7187948110295,1,99,10,-17,0.0,0,0,2023,2023-01,"{""type"":""MultiPoint"",""coordinates"":[]}"
0_43,30000,53.35460222981132,-118.30171251915094,1,99,10,-17,0.0,0,0,2023,2023-01,"{""type"":""MultiPoint"",""coordinates"":[]}"
0_44,30000,53.26382002930297,-119.73790472317289,1,99,10,-17,0.0,0,0,2023,2023-01,"{""type"":""MultiPoint"",""coordinates"":[]}"
0_45,30000,53.37907028660024,-119.32361111319389,1,99,10,-17,0.0,0,0,2023,2023-01,"{""type"":""MultiPoint"",""coordinates"":[]}"
0_46,30000,53.4927325704762,-118.9068164559419,1,99,10,-17,0.0,0,0,2023,2023-01,"{""type"":""MultiPoint"",""coordinates"":[]}"
0_47,30000,53.51137236821777,-119.93270456841087,1,99,10,-17,0.0,0,0,2023,2023-01,"{""type"":""MultiPoint"",""coordinates"":[]}"
0_48,30000,53.62745484977901,-119.51628879733434,1,99,10,-17,0.0,0,0,2023,2023-01,"{""type"":""MultiPoint"",""coordinates"":[]}"
0_49,30000,53.87565057154578,-119.71151376096302,1,99,10,-17,0.0,0,0,2023,2023-01,"{""type"":""MultiPoint"",""coordinates"":[]}"
0_50,30000,54.12364635257429,-119.90933310213059,1,99,10,-17,0.0,0,0,2023,2023-01,"{""type"":""MultiPoint"",""coordinates"":[]}"
0_51,30000,56.64451745330842,-111.26052138401275,1,99,10,-17,0.0,0,0,2023,2023-01,"{""type"":""MultiPoint"",""coordinates"":[]}"
1_0,30000,49.18022767009991,-117.31480495663298,2,88,10,-17,0.0,0,0,2023,2023-02,"{""type"":""MultiPoint"",""coordinates"":[]}"
1_1,30000,49.284646140761865,-116.93460285017092,2,88,10,-17,0.0,0,0,2023,2023-02,"{""type"":""MultiPoint"",""coordinates"":[]}"
1_2,30000,49.38760957074548,-116.5525010802803,2,88,10,-17,0.0,0,0,2023,2023-02,"{""type"":""MultiPoint"",""coordinates"":[]}"
1_3,30000,49.21421301288176,-118.23446576361728,2,88,10,-17,0.0,0,0,2023,2023-02,"{""type"":""MultiPoint"",""coordinates"":[]}"
1_4,30000,49.322238428535584,-117.85628646157005,2,88,10,-17,0.0,0,0,2023,2023-02,"{""type"":""MultiPoint"",""coordinates"":[]}"
1_5,30000,49.428828209113526,-117.47615002147718,2,88,10,-17,0.0,0,0,2023,2023-02,"{""type"":""MultiPoint"",""coordinates"":[]}"
1_6,30000,49.53396897725848,-117.09406857632294,2,88,10,-17,0.0,0,0,2023,2023-02,"{""type"":""MultiPoint"",""coordinates"":[]}"
1_7,30000,49.63764742530981,-116.71005494498901,2,88,10,-17,0.0,0,0,2023,2023-02,"{""type"":""MultiPoint"",""coordinates"":[]}"
1_8,30000,49.739850320366976,-116.3241226397088,2,88,10,-17,0.0,0,0,2023,2023-02,"{""type"":""MultiPoint"",""coordinates"":[]}"
1_9,30000,49.35108987642916,-118.77944413885547,2,88,10,-17,0.0,0,0,2023,2023-02,"{""type"":""MultiPoint"",""coordinates"":[]}"
1_10,30000,49.46128713174212,-118.40144071980905,2,88,10,-17,0.0,0,0,2023,2023-02,"{""type"":""MultiPoint"",""coordinates"":[]}"
1_11,30000,49.570055481237304,-118.02143560882614,2,88,10,-17,0.0,0,0,2023,2023-02,"{""type"":""MultiPoint"",""coordinates"":[]}"
1_12,30000,49.67738129258726,-117.63944020570969,2,88,10,-17,0.0,0,0,2023,2023-02,"{""type"":""MultiPoint"",""coordinates"":[]}"
1_13,30000,49.783250997210715,-117.25546660422468,2,88,10,-17,0.0,0,0,2023,2023-02,"{""type"":""MultiPoint"",""coordinates"":[]}"
1_14,30000,49.887651095363516,-116.8695276003889,2,88,10,-17,0.0,0,0,2023,2023-02,"{""type"":""MultiPoint"",""coordinates"":[]}"
1_15,30000,49.99056816130502,-116.48163670037009,2,88,10,-17,0.0,0,0,2023,2023-02,"{""type"":""MultiPoint"",""coordinates"":[]}"
1_16,30000,49.70829163092027,-118.57041748216366,2,88,10,-17,0.0,0,0,2023,2023-02,"{""type"":""MultiPoint"",""coordinates"":[]}"
1_17,30000,49.81780963922117,-118.1885751638864,2,88,10,-17,0.0,0,0,2023,2023-02,"{""type"":""MultiPoint"",""coordinates"":[]}"
1_18,30000,49.92587820738716,-117.80470870536384,2,88,10,-17,0.0,0,0,2023,2023-02,"{""type"":""MultiPoint"",""coordinates"":[]}"
1_19,30000,50.032483572308095,-117.41883015284704,2,88,10,-17,0.0,0,0,2023,2023-02,"{""type"":""MultiPoint"",""coordinates"":[]}"
1_20,30000,49.955217491847385,-118.74142983763531,2,88,10,-17,0.0,0,0,2023,2023-02,"{""type"":""MultiPoint"",""coordinates"":[]}"
1_21,30000,52.10159673710142,-117.40815455704802,2,88,10,-17,0.3123463899717248,0,0,2023,2023-02,"{""type"":""MultiPoint"",""coordinates"":[]}"
1_22,30000,52.20734520139947,-116.99963638331744,2,88,10,-17,0.0,0,0,2023,2023-02,"{""type"":""MultiPoint"",""coordinates"":[]}"
1_23,30000,52.311505756254896,-116.58891787321416,2,88,10,-17,0.0,0,0,2023,2023-02,"{""type"":""MultiPoint"",""coordinates"":[]}"
1_24,30000,52.41406362710366,-116.17601572764892,2,88,10,-17,0.0,0,0,2023,2023-02,"{""type"":""MultiPoint"",""coordinates"":[]}"
1_25,30000,51.680708305973745,-119.99850243932976,2,88,10,-17,0.0,0,0,2023,2023-02,"{""type"":""MultiPoint"",""coordinates"":[]}"
1_26,30000,52.352439512601634,-117.58226888824623,2,88,10,-17,0.0,0,0,2023,2023-02,"{""type"":""MultiPoint"",""coordinates"":[]}"
1_27,30000,52.458950151741966,-117.1715837603088,2,88,10,-17,0.0,0,0,2023,2023-02,"{""type"":""MultiPoint"",""coordinates"":[]}"
1_28,30000,52.56386468909943,-116.75865779499183,2,88,10,-17,0.0,0,0,2023,2023-02,"{""type"":""MultiPoint"",""coordinates"":[]}"
1_29,30000,52.66716811913094,-116.34350769123394,2,88,10,-17,0.0,0,0,2023,2023-02,"{""type"":""MultiPoint"",""coordinates"":[]}"
1_30,30000,52.0432442295542,-119.78822719073767,2,88,10,-17,0.0,0,0,2023,2023-02,"{""type"":""MultiPoint"",""coordinates"":[]}"
1_31,30000,52.60317135958741,-117.7586399806141,2,88,10,-17,0.0,0,0,2023,2023-02,"{""type"":""MultiPoint"",""coordinates"":[]}"
1_32,30000,52.71045173248939,-117.34577212936695,2,88,10,-17,0.0,0,0,2023,2023-02,"{""type"":""MultiPoint"",""coordinates"":[]}"
1_33,30000,52.81612780426741,-116.93062201161017,2,88,10,-17,0.0,0,0,2023,2023-02,"{""type"":""MultiPoint"",""coordinates"":[]}"
1_34,30000,53.60197441351149,-113.5294665635097,2,88,10,-17,0.0,0,0,2023,2023-02,"{""type"":""MultiPoint"",""coordinates"":[]}"
1_35,30000,52.2898535717501,-119.97725550517926,2,88,10,-17,0.0,0,0,2023,2023-02,"{""type"":""MultiPoint"",""coordinates"":[]}"
1_36,30000,52.405738840261776,-119.57402864063553,2,88,10,-17,0.0,0,0,2023,2023-02,"{""type"":""MultiPoint"",""coordinates"":[]}"
1_37,30000,52.85378245083254,-117.9373092308009,2,88,10,-17,0.0,0,0,2023,2023-02,"{""type"":""MultiPoint"",""coordinates"":[]}"
1_38,30000,52.96184022206535,-117.522242923646,2,88,10,-17,0.0,0,0,2023,2023-02,"{""type"":""MultiPoint"",""coordinates"":[]}"
1_39,30000,53.06828548764293,-117.10485196858394,2,88,10,-17,0.0,0,0,2023,2023-02,"{""type"":""MultiPoint"",""coordinates"":[]}"
1_40,30000,52.65300127031511,-119.7634629346544,2,88,10,-17,0.0,0,0,2023,2023-02,"{""type"":""MultiPoint"",""coordinates"":[]}"
1_41,30000,52.88177809669702,-118.94571433661078,2,88,10,-17,0.0,0,0,2023,2023-02,"{""type"":""MultiPoint"",""coordinates"":[]}"
1_42,30000,52.99381495113538,-118.53321579118975,2,88,10,-17,0.0,0,0,2023,2023-02,"{""type"":""MultiPoint"",""coordinates"":[]}"
1_43,30000,53.21310573584495,-117.70103852867418,2,88,10,-17,0.0,0,0,2023,2023-02,"{""type"":""MultiPoint"",""coordinates"":[]}"
1_44,30000,52.90009134683862,-119.95533376849434,2,88,10,-17,0.0,0,0,2023,2023-02,"{""type"":""MultiPoint"",""coordinates"":[]}"
1_45,30000,53.13050779314373,-119.13343464452662,2,88,10,-17,0.0,0,0,2023,2023-02,"{""type"":""MultiPoint"",""coordinates"":[]}"
1_46,30000,53.243353374368105,-118.7187948110295,2,88,10,-17,0.0,0,0,2023,2023-02,"{""type"":""MultiPoint"",""coordinates"":[]}"
1_47,30000,53.35460222981132,-118.30171251915094,2,88,10,-17,0.0,0,0,2023,2023-02,"{""type"":""MultiPoint"",""coordinates"":[]}"
1_48,30000,53.26382002930297,-119.73790472317289,2,88,10,-17,0.0,0,0,2023,2023-02,"{""type"":""MultiPoint"",""coordinates"":[]}"
1_49,30000,53.37907028660024,-119.32361111319389,2,88,10,-17,0.0,0,0,2023,2023-02,"{""type"":""MultiPoint"",""coordinates"":[]}"
1_50,30000,53.4927325704762,-118.9068164559419,2,88,10,-17,0.0,0,0,2023,2023-02,"{""type"":""MultiPoint"",""coordinates"":[]}"
1_51,30000,53.51137236821777,-119.93270456841087,2,88,10,-17,0.0,0,0,2023,2023-02,"{""type"":""MultiPoint"",""coordinates"":[]}"
1_52,30000,53.87565057154578,-119.71151376096302,2,88,10,-17,0.0,0,0,2023,2023-02,"{""type"":""MultiPoint"",""coordinates"":[]}"
1_53,30000,54.12364635257429,-119.90933310213059,2,88,10,-17,0.0,0,0,2023,2023-02,"{""type"":""MultiPoint"",""coordinates"":[]}"
2_0,30000,49.18022767009991,-117.31480495663298,3,100,10,-17,0.0,0,0,2023,2023-03,"{""type"":""MultiPoint"",""coordinates"":[]}"
2_1,30000,49.284646140761865,-116.93460285017092,3,100,10,-17,0.0,0,0,2023,2023-03,"{""type"":""MultiPoint"",""coordinates"":[]}"
2_2,30000,49.38760957074548,-116.5525010802803,3,100,10,-17,0.058856761232533125,0,0,2023,2023-03,"{""type"":""MultiPoint"",""coordinates"":[]}"
2_3,30000,49.21421301288176,-118.23446576361728,3,100,10,-17,0.0,0,0,2023,2023-03,"{""type"":""MultiPoint"",""coordinates"":[]}"
2_4,30000,49.428828209113526,-117.47615002147718,3,100,10,-17,0.0,0,0,2023,2023-03,"{""type"":""MultiPoint"",""coordinates"":[]}"
2_5,30000,49.53396897725848,-117.09406857632294,3,100,10,-17,0.0,0,0,2023,2023-03,"{""type"":""MultiPoint"",""coordinates"":[]}"
2_6,30000,49.63764742530981,-116.71005494498901,3,100,10,-17,0.0,0,0,2023,2023-03,"{""type"":""MultiPoint"",""coordinates"":[]}"
2_7,30000,49.739850320366976,-116.3241226397088,3,100,10,-17,0.0,0,0,2023,2023-03,"{""type"":""MultiPoint"",""coordinates"":[]}"
2_8,30000,49.46128713174212,-118.40144071980905,3,100,10,-17,0.0,0,0,2023,2023-03,"{""type"":""MultiPoint"",""coordinates"":[]}"
2_9,30000,49.570055481237304,-118.02143560882614,3,100,10,-17,0.0,0,0,2023,2023-03,"{""type"":""MultiPoint"",""coordinates"":[]}"
2_10,30000,49.67738129258726,-117.63944020570969,3,100,10,-17,0.0,0,0,2023,2023-03,"{""type"":""MultiPoint"",""coordinates"":[]}"
2_11,30000,49.783250997210715,-117.25546660422468,3,100,10,-17,0.0,0,0,2023,2023-03,"{""type"":""MultiPoint"",""coordinates"":[]}"
2_12,30000,49.887651095363516,-116.8695276003889,3,100,10,-17,0.0,0,0,2023,2023-03,"{""type"":""MultiPoint"",""coordinates"":[]}"
2_13,30000,49.99056816130502,-116.48163670037009,3,100,10,-17,0.0,0,0,2023,2023-03,"{""type"":""MultiPoint"",""coordinates"":[]}"
2_14,30000,49.70829163092027,-118.57041748216366,3,100,10,-17,0.20008158865362832,0,0,2023,2023-03,"{""type"":""MultiPoint"",""coordinates"":[]}"
2_15,30000,49.81780963922117,-118.1885751638864,3,100,10,-17,0.0,0,0,2023,2023-03,"{""type"":""MultiPoint"",""coordinates"":[]}"
2_16,30000,49.92587820738716,-117.80470870536384,3,100,10,-17,0.0,0,0,2023,2023-03,"{""type"":""MultiPoint"",""coordinates"":[]}"
2_17,30000,50.032483572308095,-117.41883015284704,3,100,10,-17,0.0,0,0,2023,2023-03,"{""type"":""MultiPoint"",""coordinates"":[]}"
2_18,30000,50.13761203878164,-117.03095227158914,3,100,10,-17,0.0,0,0,2023,2023-03,"{""type"":""MultiPoint"",""coordinates"":[]}"
2_19,30000,50.065491966951875,-118.35773897757556,3,100,10,-17,1.0,0,0,2023,2023-03,"{""type"":""MultiPoint"",""coordinates"":[]}"
2_20,30000,52.10159673710142,-117.40815455704802,3,100,10,-17,0.0,0,0,2023,2023-03,"{""type"":""MultiPoint"",""coordinates"":[]}"
2_21,30000,52.20734520139947,-116.99963638331744,3,100,10,-17,0.0,0,0,2023,2023-03,"{""type"":""MultiPoint"",""coordinates"":[]}"
2_22,30000,52.311505756254896,-116.58891787321416,3,100,10,-17,0.0,0,0,2023,2023-03,"{""type"":""MultiPoint"",""coordinates"":[]}"
2_23,30000,52.41406362710366,-116.17601572764892,3,100,10,-17,0.0,0,0,2023,2023-03,"{""type"":""MultiPoint"",""coordinates"":[]}"
2_24,30000,51.680708305973745,-119.99850243932976,3,100,10,-17,0.0,0,0,2023,2023-03,"{""type"":""MultiPoint"",""coordinates"":[]}"
2_25,30000,52.352439512601634,-117.58226888824623,3,100,10,-17,0.0,0,0,2023,2023-03,"{""type"":""MultiPoint"",""coordinates"":[]}"
2_26,30000,52.458950151741966,-117.1715837603088,3,100,10,-17,0.0,0,0,2023,2023-03,"{""type"":""MultiPoint"",""coordinates"":[]}"
2_27,30000,52.56386468909943,-116.75865779499183,3,100,10,-17,0.0,0,0,2023,2023-03,"{""type"":""MultiPoint"",""coordinates"":[]}"
2_28,30000,52.66716811913094,-116.34350769123394,3,100,10,-17,0.0,0,0,2023,2023-03,"{""type"":""MultiPoint"",""coordinates"":[]}"
2_29,30000,52.0432442295542,-119.78822719073767,3,100,10,-17,0.0,0,0,2023,2023-03,"{""type"":""MultiPoint"",""coordinates"":[]}"
2_30,30000,52.60317135958741,-117.7586399806141,3,100,10,-17,0.0,0,0,2023,2023-03,"{""type"":""MultiPoint"",""coordinates"":[]}"
2_31,30000,52.71045173248939,-117.34577212936695,3,100,10,-17,0.02894045793214263,0,0,2023,2023-03,"{""type"":""MultiPoint"",""coordinates"":[]}"
2_32,30000,52.81612780426741,-116.93062201161017,3,100,10,-17,0.0,0,0,2023,2023-03,"{""type"":""MultiPoint"",""coordinates"":[]}"
2_33,30000,53.415647481881564,-114.39279613532302,3,100,10,-17,0.0,0,0,2023,2023-03,"{""type"":""MultiPoint"",""coordinates"":[]}"
2_34,30000,53.60197441351149,-113.5294665635097,3,100,10,-17,0.0,0,0,2023,2023-03,"{""type"":""MultiPoint"",""coordinates"":[]}"
2_35,30000,52.2898535717501,-119.97725550517926,3,100,10,-17,0.0,0,0,2023,2023-03,"{""type"":""MultiPoint"",""coordinates"":[]}"
2_36,30000,52.405738840261776,-119.57402864063553,3,100,10,-17,0.0,0,0,2023,2023-03,"{""type"":""MultiPoint"",""coordinates"":[]}"
2_37,30000,52.85378245083254,-117.9373092308009,3,100,10,-17,0.0,0,0,2023,2023-03,"{""type"":""MultiPoint"",""coordinates"":[]}"
2_38,30000,52.96184022206535,-117.522242923646,3,100,10,-17,0.014521384878089195,0,0,2023,2023-03,"{""type"":""MultiPoint"",""coordinates"":[]}"
2_39,30000,53.06828548764293,-117.10485196858394,3,100,10,-17,0.0,0,0,2023,2023-03,"{""type"":""MultiPoint"",""coordinates"":[]}"
2_40,30000,52.65300127031511,-119.7634629346544,3,100,10,-17,0.05396364376854422,0,0,2023,2023-03,"{""type"":""MultiPoint"",""coordinates"":[]}"
2_41,30000,52.76816819377785,-119.35580095112637,3,100,10,-17,0.0,0,0,2023,2023-03,"{""type"":""MultiPoint"",""coordinates"":[]}"
2_42,30000,52.99381495113538,-118.53321579118975,3,100,10,-17,1.0,0,0,2023,2023-03,"{""type"":""MultiPoint"",""coordinates"":[]}"
2_43,30000,53.21310573584495,-117.70103852867418,3,100,10,-17,0.07442849996339666,0,0,2023,2023-03,"{""type"":""MultiPoint"",""coordinates"":[]}"
2_44,30000,52.90009134683862,-119.95533376849434,3,100,10,-17,0.0,0,0,2023,2023-03,"{""type"":""MultiPoint"",""coordinates"":[]}"
2_45,30000,53.01608169365161,-119.54561848144124,3,100,10,-17,0.0,0,0,2023,2023-03,"{""type"":""MultiPoint"",""coordinates"":[]}"
2_46,30000,53.13050779314373,-119.13343464452662,3,100,10,-17,0.0,0,0,2023,2023-03,"{""type"":""MultiPoint"",""coordinates"":[]}"
2_47,30000,53.35460222981132,-118.30171251915094,3,100,10,-17,0.0,0,0,2023,2023-03,"{""type"":""MultiPoint"",""coordinates"":[]}"
2_48,30000,53.26382002930297,-119.73790472317289,3,100,10,-17,0.0,0,0,2023,2023-03,"{""type"":""MultiPoint"",""coordinates"":[]}"
2_49,30000,53.37907028660024,-119.32361111319389,3,100,10,-17,0.0,0,0,2023,2023-03,"{""type"":""MultiPoint"",""coordinates"":[]}"
2_50,30000,53.4927325704762,-118.9068164559419,3,100,10,-17,0.0,0,0,2023,2023-03,"{""type"":""MultiPoint"",""coordinates"":[]}"
2_51,30000,53.51137236821777,-119.93270456841087,3,100,10,-17,0.0,0,0,2023,2023-03,"{""type"":""MultiPoint"",""coordinates"":[]}"
2_52,30000,53.62745484977901,-119.51628879733434,3,100,10,-17,0.0,0,0,2023,2023-03,"{""type"":""MultiPoint"",""coordinates"":[]}"
2_53,30000,53.74194191986209,-119.09732591909331,3,100,10,-17,0.0,0,0,2023,2023-03,"{""type"":""MultiPoint"",""coordinates"":[]}"
2_54,30000,53.87565057154578,-119.71151376096302,3,100,10,-17,0.0,0,0,2023,2023-03,"{""type"":""MultiPoint"",""coordinates"":[]}"
2_55,30000,54.12364635257429,-119.90933310213059,3,100,10,-17,0.0,0,0,2023,2023-03,"{""type"":""MultiPoint"",""coordinates"":[]}"
2_56,30000,57.17023319594705,-111.56547764278571,3,100,10,-17,0.0,0,0,2023,2023-03,"{""type"":""MultiPoint"",""coordinates"":[]}"
3_0,30000,49.284646140761865,-116.93460285017092,4,99,10,-17,0.10016245841723641,0,0,2023,2023-04,"{""type"":""MultiPoint"",""coordinates"":[]}"
3_1,30000,49.38760957074548,-116.5525010802803,4,99,10,-17,0.0,0,0,2023,2023-04,"{""type"":""MultiPoint"",""coordinates"":[]}"
3_2,30000,49.21421301288176,-118.23446576361728,4,99,10,-17,0.0,0,0,2023,2023-04,"{""type"":""MultiPoint"",""coordinates"":[]}"
3_3,30000,49.428828209113526,-117.47615002147718,4,99,10,-17,0.0,0,0,2023,2023-04,"{""type"":""MultiPoint"",""coordinates"":[]}"
3_4,30000,49.53396897725848,-117.09406857632294,4,99,10,-17,0.0,0,0,2023,2023-04,"{""type"":""MultiPoint"",""coordinates"":[]}"
3_5,30000,49.63764742530981,-116.71005494498901,4,99,10,-17,0.0,0,0,2023,2023-04,"{""type"":""MultiPoint"",""coordinates"":[]}"
3_6,30000,49.739850320366976,-116.3241226397088,4,99,10,-17,0.0,0,0,2023,2023-04,"{""type"":""MultiPoint"",""coordinates"":[]}"
3_7,30000,49.35108987642915,-118.77944413885547,4,99,10,-17,0.0,0,0,2023,2023-04,"{""type"":""MultiPoint"",""coordinates"":[]}"
3_8,30000,49.46128713174212,-118.40144071980905,4,99,10,-17,0.0,0,0,2023,2023-04,"{""type"":""MultiPoint"",""coordinates"":[]}"
3_9,30000,49.570055481237304,-118.02143560882614,4,99,10,-17,0.0,0,0,2023,2023-04,"{""type"":""MultiPoint"",""coordinates"":[]}"
3_10,30000,49.67738129258726,-117.63944020570969,4,99,10,-17,0.1315315272993435,0,0,2023,2023-04,"{""type"":""MultiPoint"",""coordinates"":[]}"
3_11,30000,49.783250997210715,-117.25546660422468,4,99,10,-17,0.0,0,0,2023,2023-04,"{""type"":""MultiPoint"",""coordinates"":[]}"
3_12,30000,49.887651095363516,-116.8695276003889,4,99,10,-17,0.0,0,0,2023,2023-04,"{""type"":""MultiPoint"",""coordinates"":[]}"
3_13,30000,49.99056816130501,-116.48163670037009,4,99,10,-17,0.0,0,0,2023,2023-04,"{""type"":""MultiPoint"",""coordinates"":[]}"
3_14,30000,49.59733800831068,-118.95022432418348,4,99,10,-17,0.0,0,0,2023,2023-04,"{""type"":""MultiPoint"",""coordinates"":[]}"
3_15,30000,49.70829163092027,-118.57041748216366,4,99,10,-17,0.0,0,0,2023,2023-04,"{""type"":""MultiPoint"",""coordinates"":[]}"
3_16,30000,49.81780963922117,-118.1885751638864,4,99,10,-17,0.0,0,0,2023,2023-04,"{""type"":""MultiPoint"",""coordinates"":[]}"
3_17,30000,49.92587820738716,-117.80470870536384,4,99,10,-17,0.0,0,0,2023,2023-04,"{""type"":""MultiPoint"",""coordinates"":[]}"
3_18,30000,50.032483572308095,-117.41883015284704,4,99,10,-17,0.0,0,0,2023,2023-04,"{""type"":""MultiPoint"",""coordinates"":[]}"
3_19,30000,50.13761203878164,-117.03095227158914,4,99,10,-17,0.0,0,0,2023,2023-04,"{""type"":""MultiPoint"",""coordinates"":[]}"
3_20,30000,52.827778918144936,-113.07754525746802,4,99,10,-17,0.0,0,0,2023,2023-04,"{""type"":""MultiPoint"",""coordinates"":[]}"
3_21,30000,51.43459782300684,-119.812233914261,4,99,10,-17,0.0,0,0,2023,2023-04,"{""type"":""MultiPoint"",""coordinates"":[]}"
3_22,30000,52.10159673710142,-117.40815455704802,4,99,10,-17,0.0,0,0,2023,2023-04,"{""type"":""MultiPoint"",""coordinates"":[]}"
3_23,30000,52.20734520139947,-116.99963638331744,4,99,10,-17,0.0,0,0,2023,2023-04,"{""type"":""MultiPoint"",""coordinates"":[]}"
3_24,30000,52.311505756254896,-116.58891787321416,4,99,10,-17,0.0,0,0,2023,2023-04,"{""type"":""MultiPoint"",""coordinates"":[]}"
3_25,30000,52.414063627103644,-116.17601572764892,4,99,10,-17,0.0,0,0,2023,2023-04,"{""type"":""MultiPoint"",""coordinates"":[]}"
3_26,30000,52.35243951260164,-117.58226888824623,4,99,10,-17,0.0,0,0,2023,2023-04,"{""type"":""MultiPoint"",""coordinates"":[]}"
3_27,30000,52.458950151741966,-117.1715837603088,4,99,10,-17,0.02251159725935722,0,0,2023,2023-04,"{""type"":""MultiPoint"",""coordinates"":[]}"
3_28,30000,52.56386468909943,-116.75865779499183,4,99,10,-17,0.0,0,0,2023,2023-04,"{""type"":""MultiPoint"",""coordinates"":[]}"
3_29,30000,52.66716811913094,-116.34350769123394,4,99,10,-17,0.0,0,0,2023,2023-04,"{""type"":""MultiPoint"",""coordinates"":[]}"
3_30,30000,52.0432442295542,-119.78822719073767,4,99,10,-17,0.0,0,0,2023,2023-04,"{""type"":""MultiPoint"",""coordinates"":[]}"
3_31,30000,52.60317135958741,-117.7586399806141,4,99,10,-17,0.0,0,0,2023,2023-04,"{""type"":""MultiPoint"",""coordinates"":[]}"
3_32,30000,52.71045173248939,-117.34577212936695,4,99,10,-17,0.0,0,0,2023,2023-04,"{""type"":""MultiPoint"",""coordinates"":[]}"
3_33,30000,52.81612780426741,-116.93062201161017,4,99,10,-17,0.14633139383665855,0,0,2023,2023-04,"{""type"":""MultiPoint"",""coordinates"":[]}"
3_34,30000,53.60197441351149,-113.5294665635097,4,99,10,-17,0.0,0,0,2023,2023-04,"{""type"":""MultiPoint"",""coordinates"":[]}"
3_35,30000,52.2898535717501,-119.97725550517926,4,99,10,-17,0.0,0,0,2023,2023-04,"{""type"":""MultiPoint"",""coordinates"":[]}"
3_36,30000,52.405738840261776,-119.57402864063553,4,99,10,-17,0.0,0,0,2023,2023-04,"{""type"":""MultiPoint"",""coordinates"":[]}"
3_37,30000,52.85378245083254,-117.9373092308009,4,99,10,-17,0.0,0,0,2023,2023-04,"{""type"":""MultiPoint"",""coordinates"":[]}"
3_38,30000,52.96184022206535,-117.522242923646,4,99,10,-17,0.0,0,0,2023,2023-04,"{""type"":""MultiPoint"",""coordinates"":[]}"
3_39,30000,52.65300127031511,-119.7634629346544,4,99,10,-17,0.0,0,0,2023,2023-04,"{""type"":""MultiPoint"",""coordinates"":[]}"
3_40,30000,52.76816819377785,-119.35580095112637,4,99,10,-17,0.0,0,0,2023,2023-04,"{""type"":""MultiPoint"",""coordinates"":[]}"
3_41,30000,52.88177809669702,-118.94571433661078,4,99,10,-17,0.0,0,0,2023,2023-04,"{""type"":""MultiPoint"",""coordinates"":[]}"
3_42,30000,52.99381495113538,-118.53321579118975,4,99,10,-17,0.2499385371530888,0,0,2023,2023-04,"{""type"":""MultiPoint"",""coordinates"":[]}"
3_43,30000,53.21310573584495,-117.70103852867418,4,99,10,-17,0.0,0,0,2023,2023-04,"{""type"":""MultiPoint"",""coordinates"":[]}"
3_44,30000,52.90009134683862,-119.95533376849434,4,99,10,-17,0.0,0,0,2023,2023-04,"{""type"":""MultiPoint"",""coordinates"":[]}"
3_45,30000,53.01608169365161,-119.54561848144124,4,99,10,-17,0.0,0,0,2023,2023-04,"{""type"":""MultiPoint"",""coordinates"":[]}"
3_46,30000,53.13050779314373,-119.13343464452662,4,99,10,-17,0.0872952309177868,0,0,2023,2023-04,"{""type"":""MultiPoint"",""coordinates"":[]}"
3_47,30000,53.26382002930297,-119.73790472317289,4,99,10,-17,0.0,0,0,2023,2023-04,"{""type"":""MultiPoint"",""coordinates"":[]}"
3_48,30000,53.37907028660024,-119.32361111319389,4,99,10,-17,0.0,0,0,2023,2023-04,"{""type"":""MultiPoint"",""coordinates"":[]}"
3_49,30000,53.4927325704762,-118.9068164559419,4,99,10,-17,0.0,0,0,2023,2023-04,"{""type"":""MultiPoint"",""coordinates"":[]}"
3_50,30000,53.51137236821778,-119.93270456841087,4,99,10,-17,0.17676821444982913,0,0,2023,2023-04,"{""type"":""MultiPoint"",""coordinates"":[]}"
3_51,30000,55.0805426747958,-118.5855617479212,4,99,10,-17,0.0,0,0,2023,2023-04,"{""type"":""MultiPoint"",""coordinates"":[]}"
3_52,30000,56.64451745330842,-111.26052138401275,4,99,10,-17,0.0,0,0,2023,2023-04,"{""type"":""MultiPoint"",""coordinates"":[]}"
3_53,30000,57.17023319594705,-111.56547764278571,4,99,10,-17,0.0,0,0,2023,2023-04,"{""type"":""MultiPoint"",""coordinates"":[]}"
3_54,30000,57.25332714267066,-111.0805559516318,4,99,10,-17,0.0,0,0,2023,2023-04,"{""type"":""MultiPoint"",""coordinates"":[]}"
3_55,30000,57.51674385493598,-111.23319251247224,4,99,10,-17,0.0,0,0,2023,2023-04,"{""type"":""MultiPoint"",""coordinates"":[]}"
4_0,30000,49.284646140761865,-116.93460285017092,5,102,10,-17,0.0,0,0,2023,2023-05,"{""type"":""MultiPoint"",""coordinates"":[]}"
4_1,30000,49.38760957074548,-116.5525010802803,5,102,10,-17,0.0,0,0,2023,2023-05,"{""type"":""MultiPoint"",""coordinates"":[]}"
4_2,30000,49.428828209113526,-117.47615002147718,5,102,10,-17,0.0,0,0,2023,2023-05,"{""type"":""MultiPoint"",""coordinates"":[]}"
4_3,30000,49.53396897725848,-117.09406857632294,5,102,10,-17,0.0,0,0,2023,2023-05,"{""type"":""MultiPoint"",""coordinates"":[]}"
4_4,30000,49.63764742530981,-116.71005494498901,5,102,10,-17,0.0,0,0,2023,2023-05,"{""type"":""MultiPoint"",""coordinates"":[]}"
4_5,30000,49.739850320366976,-116.3241226397088,5,102,10,-17,0.0,0,0,2023,2023-05,"{""type"":""MultiPoint"",""coordinates"":[]}"
4_6,30000,49.46128713174212,-118.40144071980905,5,102,10,-17,0.0,0,0,2023,2023-05,"{""type"":""MultiPoint"",""coordinates"":[]}"
4_7,30000,49.570055481237304,-118.02143560882614,5,102,10,-17,0.0,0,0,2023,2023-05,"{""type"":""MultiPoint"",""coordinates"":[]}"
4_8,30000,49.67738129258726,-117.63944020570969,5,102,10,-17,0.0,0,0,2023,2023-05,"{""type"":""MultiPoint"",""coordinates"":[]}"
4_9,30000,49.783250997210715,-117.25546660422468,5,102,10,-17,0.0,0,0,2023,2023-05,"{""type"":""MultiPoint"",""coordinates"":[]}"
4_10,30000,49.887651095363516,-116.8695276003889,5,102,10,-17,0.0,0,0,2023,2023-05,"{""type"":""MultiPoint"",""coordinates"":[]}"
4_11,30000,49.99056816130502,-116.48163670037009,5,102,10,-17,0.0,0,0,2023,2023-05,"{""type"":""MultiPoint"",""coordinates"":[]}"
4_12,30000,49.70829163092027,-118.57041748216366,5,102,10,-17,0.0,0,0,2023,2023-05,"{""type"":""MultiPoint"",""coordinates"":[]}"
4_13,30000,49.81780963922117,-118.1885751638864,5,102,10,-17,0.0,0,0,2023,2023-05,"{""type"":""MultiPoint"",""coordinates"":[]}"
4_14,30000,49.92587820738716,-117.80470870536384,5,102,10,-17,0.0,0,0,2023,2023-05,"{""type"":""MultiPoint"",""coordinates"":[]}"
4_15,30000,50.032483572308095,-117.41883015284704,5,102,10,-17,0.0,0,0,2023,2023-05,"{""type"":""MultiPoint"",""coordinates"":[]}"
4_16,30000,50.13761203878164,-117.03095227158914,5,102,10,-17,0.0,0,0,2023,2023-05,"{""type"":""MultiPoint"",""coordinates"":[]}"
4_17,30000,50.313093387044844,-118.52896161108299,5,102,10,-17,0.0,0,0,2023,2023-05,"{""type"":""MultiPoint"",""coordinates"":[]}"
4_18,30000,52.10159673710142,-117.40815455704802,5,102,10,-17,0.0,0,0,2023,2023-05,"{""type"":""MultiPoint"",""coordinates"":[]}"
4_19,30000,52.20734520139947,-116.99963638331744,5,102,10,-17,0.0,0,0,2023,2023-05,"{""type"":""MultiPoint"",""coordinates"":[]}"
4_20,30000,52.311505756254896,-116.58891787321416,5,102,10,-17,0.0,0,0,2023,2023-05,"{""type"":""MultiPoint"",""coordinates"":[]}"
4_21,30000,52.41406362710366,-116.17601572764892,5,102,10,-17,0.0,0,0,2023,2023-05,"{""type"":""MultiPoint"",""coordinates"":[]}"
4_22,30000,51.680708305973745,-119.99850243932976,5,102,10,-17,0.0,0,0,2023,2023-05,"{""type"":""MultiPoint"",""coordinates"":[]}"
4_23,30000,52.352439512601634,-117.58226888824623,5,102,10,-17,0.0,0,0,2023,2023-05,"{""type"":""MultiPoint"",""coordinates"":[]}"
4_24,30000,52.458950151741966,-117.1715837603088,5,102,10,-17,0.0,0,0,2023,2023-05,"{""type"":""MultiPoint"",""coordinates"":[]}"
4_25,30000,52.56386468909943,-116.75865779499183,5,102,10,-17,0.03203118209848757,0,0,2023,2023-05,"{""type"":""MultiPoint"",""coordinates"":[]}"
4_26,30000,52.66716811913094,-116.34350769123394,5,102,10,-17,0.0,0,0,2023,2023-05,"{""type"":""MultiPoint"",""coordinates"":[]}"
4_27,30000,52.0432442295542,-119.78822719073767,5,102,10,-17,0.0,0,0,2023,2023-05,"{""type"":""MultiPoint"",""coordinates"":[]}"
4_28,30000,52.60317135958741,-117.7586399806141,5,102,10,-17,0.0,0,0,2023,2023-05,"{""type"":""MultiPoint"",""coordinates"":[]}"
4_29,30000,52.71045173248939,-117.34577212936695,5,102,10,-17,0.012462518218641845,0,0,2023,2023-05,"{""type"":""MultiPoint"",""coordinates"":[]}"
4_30,30000,52.81612780426741,-116.93062201161017,5,102,10,-17,0.0,0,0,2023,2023-05,"{""type"":""MultiPoint"",""coordinates"":[]}"
4_31,30000,53.415647481881564,-114.39279613532302,5,102,10,-17,0.0,0,0,2023,2023-05,"{""type"":""MultiPoint"",""coordinates"":[]}"
4_32,30000,53.60197441351149,-113.5294665635097,5,102,10,-17,0.0,0,0,2023,2023-05,"{""type"":""MultiPoint"",""coordinates"":[]}"
4_33,30000,52.2898535717501,-119.97725550517926,5,102,10,-17,0.0,0,0,2023,2023-05,"{""type"":""MultiPoint"",""coordinates"":[]}"
4_34,30000,52.405738840261776,-119.57402864063553,5,102,10,-17,0.0,0,0,2023,2023-05,"{""type"":""MultiPoint"",""coordinates"":[]}"
4_35,30000,52.85378245083254,-117.9373092308009,5,102,10,-17,0.0,0,0,2023,2023-05,"{""type"":""MultiPoint"",""coordinates"":[]}"
4_36,30000,52.96184022206535,-117.522242923646,5,102,10,-17,0.0,0,0,2023,2023-05,"{""type"":""MultiPoint"",""coordinates"":[]}"
4_37,30000,53.06828548764293,-117.10485196858394,5,102,10,-17,0.0,0,0,2023,2023-05,"{""type"":""MultiPoint"",""coordinates"":[]}"
4_38,30000,52.65300127031511,-119.7634629346544,5,102,10,-17,0.0,0,0,2023,2023-05,"{""type"":""MultiPoint"",""coordinates"":[]}"
4_39,30000,52.99381495113538,-118.53321579118975,5,102,10,-17,0.0,0,0,2023,2023-05,"{""type"":""MultiPoint"",""coordinates"":[]}"
4_40,30000,53.10426279439886,-118.11831897622909,5,102,10,-17,0.0,0,0,2023,2023-05,"{""type"":""MultiPoint"",""coordinates"":[]}"
4_41,30000,53.21310573584495,-117.70103852867418,5,102,10,-17,0.0,0,0,2023,2023-05,"{""type"":""MultiPoint"",""coordinates"":[]}"
4_42,30000,52.90009134683862,-119.95533376849434,5,102,10,-17,0.0,0,0,2023,2023-05,"{""type"":""MultiPoint"",""coordinates"":[]}"
4_43,30000,53.01608169365161,-119.54561848144124,5,102,10,-17,0.0,0,0,2023,2023-05,"{""type"":""MultiPoint"",""coordinates"":[]}"
4_44,30000,53.13050779314373,-119.13343464452662,5,102,10,-17,0.0,0,0,2023,2023-05,"{""type"":""MultiPoint"",""coordinates"":[]}"
4_45,30000,53.243353374368105,-118.7187948110295,5,102,10,-17,0.0,0,0,2023,2023-05,"{""type"":""MultiPoint"",""coordinates"":[]}"
4_46,30000,53.35460222981132,-118.30171251915094,5,102,10,-17,0.0,0,0,2023,2023-05,"{""type"":""MultiPoint"",""coordinates"":[]}"
4_47,30000,53.26382002930297,-119.73790472317289,5,102,10,-17,0.0,0,0,2023,2023-05,"{""type"":""MultiPoint"",""coordinates"":[]}"
4_48,30000,53.37907028660024,-119.32361111319389,5,102,10,-17,0.0,0,0,2023,2023-05,"{""type"":""MultiPoint"",""coordinates"":[]}"
4_49,30000,53.4927325704762,-118.9068164559419,5,102,10,-17,0.1998489031268586,0,0,2023,2023-05,"{""type"":""MultiPoint"",""coordinates"":[]}"
4_50,30000,53.51137236821777,-119.93270456841087,5,102,10,-17,0.0,0,0,2023,2023-05,"{""type"":""MultiPoint"",""coordinates"":[]}"
4_51,30000,53.62745484977901,-119.51628879733434,5,102,10,-17,0.0,0,0,2023,2023-05,"{""type"":""MultiPoint"",""coordinates"":[]}"
4_52,30000,53.74194191986209,-119.09732591909331,5,102,10,-17,0.0,0,0,2023,2023-05,"{""type"":""MultiPoint"",""coordinates"":[]}"
4_53,30000,54.12364635257429,-119.90933310213059,5,102,10,-17,0.0,0,0,2023,2023-05,"{""type"":""MultiPoint"",""coordinates"":[]}"
4_54,30000,56.64451745330842,-111.26052138401275,5,102,10,-17,0.0,0,0,2023,2023-05,"{""type"":""MultiPoint"",""coordinates"":[]}"
4_55,30000,57.17023319594705,-111.56547764278571,5,102,10,-17,0.0,0,0,2023,2023-05,"{""type"":""MultiPoint"",""coordinates"":[]}"
5_0,30000,49.284646140761865,-116.93460285017092,6,90,10,-17,0.14592334692384148,0,0,2023,2023-06,"{""type"":""MultiPoint"",""coordinates"":[]}"
5_1,30000,49.38760957074548,-116.5525010802803,6,90,10,-17,0.0,0,0,2023,2023-06,"{""type"":""MultiPoint"",""coordinates"":[]}"
5_2,30000,49.21421301288176,-118.23446576361728,6,90,10,-17,0.0,0,0,2023,2023-06,"{""type"":""MultiPoint"",""coordinates"":[]}"
5_3,30000,49.322238428535584,-117.85628646157005,6,90,10,-17,0.0,0,0,2023,2023-06,"{""type"":""MultiPoint"",""coordinates"":[]}"
5_4,30000,49.428828209113526,-117.47615002147718,6,90,10,-17,0.0,0,0,2023,2023-06,"{""type"":""MultiPoint"",""coordinates"":[]}"
5_5,30000,49.53396897725848,-117.09406857632294,6,90,10,-17,0.011164300843695251,0,0,2023,2023-06,"{""type"":""MultiPoint"",""coordinates"":[]}"
5_6,30000,49.63764742530981,-116.71005494498901,6,90,10,-17,0.0,0,0,2023,2023-06,"{""type"":""MultiPoint"",""coordinates"":[]}"
5_7,30000,49.739850320366976,-116.3241226397088,6,90,10,-17,0.0,0,0,2023,2023-06,"{""type"":""MultiPoint"",""coordinates"":[]}"
5_8,30000,49.46128713174212,-118.40144071980905,6,90,10,-17,0.0,0,0,2023,2023-06,"{""type"":""MultiPoint"",""coordinates"":[]}"
5_9,30000,49.570055481237304,-118.02143560882614,6,90,10,-17,0.0,0,0,2023,2023-06,"{""type"":""MultiPoint"",""coordinates"":[]}"
5_10,30000,49.67738129258726,-117.63944020570969,6,90,10,-17,0.0,0,0,2023,2023-06,"{""type"":""MultiPoint"",""coordinates"":[]}"
5_11,30000,49.783250997210715,-117.25546660422468,6,90,10,-17,0.0,0,0,2023,2023-06,"{""type"":""MultiPoint"",""coordinates"":[]}"
5_12,30000,49.887651095363516,-116.8695276003889,6,90,10,-17,0.0,0,0,2023,2023-06,"{""type"":""MultiPoint"",""coordinates"":[]}"
5_13,30000,49.99056816130502,-116.48163670037009,6,90,10,-17,0.0,0,0,2023,2023-06,"{""type"":""MultiPoint"",""coordinates"":[]}"
5_14,30000,49.70829163092027,-118.57041748216366,6,90,10,-17,0.0,0,0,2023,2023-06,"{""type"":""MultiPoint"",""coordinates"":[]}"
5_15,30000,49.81780963922117,-118.1885751638864,6,90,10,-17,0.0,0,0,2023,2023-06,"{""type"":""MultiPoint"",""coordinates"":[]}"
5_16,30000,49.92587820738716,-117.80470870536384,6,90,10,-17,0.0,0,0,2023,2023-06,"{""type"":""MultiPoint"",""coordinates"":[]}"
5_17,30000,50.032483572308095,-117.41883015284704,6,90,10,-17,0.0,0,0,2023,2023-06,"{""type"":""MultiPoint"",""coordinates"":[]}"
5_18,30000,49.955217491847385,-118.74142983763531,6,90,10,-17,0.0,0,0,2023,2023-06,"{""type"":""MultiPoint"",""coordinates"":[]}"
5_19,30000,52.10159673710142,-117.40815455704802,6,90,10,-17,0.0,0,0,2023,2023-06,"{""type"":""MultiPoint"",""coordinates"":[]}"
5_20,30000,52.20734520139947,-116.99963638331744,6,90,10,-17,0.0,0,0,2023,2023-06,"{""type"":""MultiPoint"",""coordinates"":[]}"
5_21,30000,52.311505756254896,-116.58891787321416,6,90,10,-17,0.029412664168908493,0,0,2023,2023-06,"{""type"":""MultiPoint"",""coordinates"":[]}"
5_22,30000,52.41406362710366,-116.17601572764892,6,90,10,-17,0.0,0,0,2023,2023-06,"{""type"":""MultiPoint"",""coordinates"":[]}"
5_23,30000,51.680708305973745,-119.99850243932976,6,90,10,-17,0.0,0,0,2023,2023-06,"{""type"":""MultiPoint"",""coordinates"":[]}"
5_24,30000,52.352439512601634,-117.58226888824623,6,90,10,-17,0.0,0,0,2023,2023-06,"{""type"":""MultiPoint"",""coordinates"":[]}"
5_25,30000,52.458950151741966,-117.1715837603088,6,90,10,-17,0.0,0,0,2023,2023-06,"{""type"":""MultiPoint"",""coordinates"":[]}"
5_26,30000,52.56386468909943,-116.75865779499183,6,90,10,-17,0.0,0,0,2023,2023-06,"{""type"":""MultiPoint"",""coordinates"":[]}"
5_27,30000,52.66716811913094,-116.34350769123394,6,90,10,-17,0.0,0,0,2023,2023-06,"{""type"":""MultiPoint"",""coordinates"":[]}"
5_28,30000,52.60317135958741,-117.7586399806141,6,90,10,-17,0.0,0,0,2023,2023-06,"{""type"":""MultiPoint"",""coordinates"":[]}"
5_29,30000,52.71045173248939,-117.34577212936695,6,90,10,-17,0.0,0,0,2023,2023-06,"{""type"":""MultiPoint"",""coordinates"":[]}"
5_30,30000,52.81612780426741,-116.93062201161017,6,90,10,-17,0.0,0,0,2023,2023-06,"{""type"":""MultiPoint"",""coordinates"":[]}"
5_31,30000,53.60197441351149,-113.5294665635097,6,90,10,-17,0.0,0,0,2023,2023-06,"{""type"":""MultiPoint"",""coordinates"":[]}"
5_32,30000,53.69253885594747,-113.09464448908342,6,90,10,-17,0.0,0,0,2023,2023-06,"{""type"":""MultiPoint"",""coordinates"":[]}"
5_33,30000,52.2898535717501,-119.97725550517926,6,90,10,-17,0.1666581147519345,0,0,2023,2023-06,"{""type"":""MultiPoint"",""coordinates"":[]}"
5_34,30000,52.405738840261776,-119.57402864063553,6,90,10,-17,0.0,0,0,2023,2023-06,"{""type"":""MultiPoint"",""coordinates"":[]}"
5_35,30000,52.85378245083254,-117.9373092308009,6,90,10,-17,0.0,0,0,2023,2023-06,"{""type"":""MultiPoint"",""coordinates"":[]}"
5_36,30000,52.96184022206535,-117.522242923646,6,90,10,-17,0.0,0,0,2023,2023-06,"{""type"":""MultiPoint"",""coordinates"":[]}"
5_37,30000,53.06828548764293,-117.10485196858394,6,90,10,-17,0.0,0,0,2023,2023-06,"{""type"":""MultiPoint"",""coordinates"":[]}"
5_38,30000,52.65300127031511,-119.7634629346544,6,90,10,-17,0.0,0,0,2023,2023-06,"{""type"":""MultiPoint"",""coordinates"":[]}"
5_39,30000,52.76816819377785,-119.35580095112637,6,90,10,-17,0.0,0,0,2023,2023-06,"{""type"":""MultiPoint"",""coordinates"":[]}"
5_40,30000,53.21310573584495,-117.70103852867418,6,90,10,-17,0.0,0,0,2023,2023-06,"{""type"":""MultiPoint"",""coordinates"":[]}"
5_41,30000,52.90009134683862,-119.95533376849434,6,90,10,-17,0.0,0,0,2023,2023-06,"{""type"":""MultiPoint"",""coordinates"":[]}"
5_42,30000,53.01608169365161,-119.54561848144124,6,90,10,-17,0.0,0,0,2023,2023-06,"{""type"":""MultiPoint"",""coordinates"":[]}"
5_43,30000,53.26382002930297,-119.73790472317289,6,90,10,-17,0.0,0,0,2023,2023-06,"{""type"":""MultiPoint"",""coordinates"":[]}"
5_44,30000,55.0805426747958,-118.5855617479212,6,90,10,-17,1.0,0,0,2023,2023-06,"{""type"":""MultiPoint"",""coordinates"":[]}"
5_45,30000,56.64451745330842,-111.26052138401275,6,90,10,-17,0.0,0,0,2023,2023-06,"{""type"":""MultiPoint"",""coordinates"":[]}"
5_46,30000,56.907411437606235,-111.41184772908355,6,90,10,-17,0.0,0,0,2023,2023-06,"{""type"":""MultiPoint"",""coordinates"":[]}"
5_47,30000,57.17023319594705,-111.56547764278571,6,90,10,-17,0.0,0,0,2023,2023-06,"{""type"":""MultiPoint"",""coordinates"":[]}"
6_0,30000,49.284646140761865,-116.93460285017092,7,101,10,-17,0.0,0,0,2023,2023-07,"{""type"":""MultiPoint"",""coordinates"":[]}"
6_1,30000,49.38760957074548,-116.5525010802803,7,101,10,-17,0.0,0,0,2023,2023-07,"{""type"":""MultiPoint"",""coordinates"":[]}"
6_2,30000,49.53396897725848,-117.09406857632294,7,101,10,-17,0.0,0,0,2023,2023-07,"{""type"":""MultiPoint"",""coordinates"":[]}"
6_3,30000,49.63764742530981,-116.71005494498901,7,101,10,-17,0.0,0,0,2023,2023-07,"{""type"":""MultiPoint"",""coordinates"":[]}"
6_4,30000,49.739850320366976,-116.3241226397088,7,101,10,-17,0.0,0,0,2023,2023-07,"{""type"":""MultiPoint"",""coordinates"":[]}"
6_5,30000,49.570055481237304,-118.02143560882614,7,101,10,-17,0.0,0,0,2023,2023-07,"{""type"":""MultiPoint"",""coordinates"":[]}"
6_6,30000,49.67738129258726,-117.63944020570969,7,101,10,-17,0.0,0,0,2023,2023-07,"{""type"":""MultiPoint"",""coordinates"":[]}"
6_7,30000,49.783250997210715,-117.25546660422468,7,101,10,-17,0.0,0,0,2023,2023-07,"{""type"":""MultiPoint"",""coordinates"":[]}"
6_8,30000,49.887651095363516,-116.8695276003889,7,101,10,-17,0.0,0,0,2023,2023-07,"{""type"":""MultiPoint"",""coordinates"":[]}"
6_9,30000,49.99056816130502,-116.48163670037009,7,101,10,-17,0.0,0,0,2023,2023-07,"{""type"":""MultiPoint"",""coordinates"":[]}"
6_10,30000,49.81780963922117,-118.1885751638864,7,101,10,-17,0.0,0,0,2023,2023-07,"{""type"":""MultiPoint"",""coordinates"":[]}"
6_11,30000,49.92587820738716,-117.80470870536384,7,101,10,-17,0.0,0,0,2023,2023-07,"{""type"":""MultiPoint"",""coordinates"":[]}"
6_12,30000,50.032483572308095,-117.41883015284704,7,101,10,-17,0.0,0,0,2023,2023-07,"{""type"":""MultiPoint"",""coordinates"":[]}"
6_13,30000,50.13761203878164,-117.03095227158914,7,101,10,-17,0.0,0,0,2023,2023-07,"{""type"":""MultiPoint"",""coordinates"":[]}"
6_14,30000,52.10159673710142,-117.40815455704802,7,101,10,-17,0.0,0,0,2023,2023-07,"{""type"":""MultiPoint"",""coordinates"":[]}"
6_15,30000,52.20734520139947,-116.99963638331744,7,101,10,-17,0.0,0,0,2023,2023-07,"{""type"":""MultiPoint"",""coordinates"":[]}"
6_16,30000,52.311505756254896,-116.58891787321416,7,101,10,-17,0.0,0,0,2023,2023-07,"{""type"":""MultiPoint"",""coordinates"":[]}"
6_17,30000,52.41406362710366,-116.17601572764892,7,101,10,-17,0.0,0,0,2023,2023-07,"{""type"":""MultiPoint"",""coordinates"":[]}"
6_18,30000,52.352439512601634,-117.58226888824623,7,101,10,-17,0.0,0,0,2023,2023-07,"{""type"":""MultiPoint"",""coordinates"":[]}"
6_19,30000,52.458950151741966,-117.1715837603088,7,101,10,-17,0.0,0,0,2023,2023-07,"{""type"":""MultiPoint"",""coordinates"":[]}"
6_20,30000,52.56386468909943,-116.75865779499183,7,101,10,-17,0.0,0,0,2023,2023-07,"{""type"":""MultiPoint"",""coordinates"":[]}"
6_21,30000,52.66716811913094,-116.34350769123394,7,101,10,-17,0.0,0,0,2023,2023-07,"{""type"":""MultiPoint"",""coordinates"":[]}"
6_22,30000,52.60317135958741,-117.7586399806141,7,101,10,-17,0.0,0,0,2023,2023-07,"{""type"":""MultiPoint"",""coordinates"":[]}"
6_23,30000,52.71045173248939,-117.34577212936695,7,101,10,-17,0.0,0,0,2023,2023-07,"{""type"":""MultiPoint"",""coordinates"":[]}"
6_24,30000,52.81612780426741,-116.93062201161017,7,101,10,-17,0.0,0,0,2023,2023-07,"{""type"":""MultiPoint"",""coordinates"":[]}"
6_25,30000,53.415647481881564,-114.39279613532302,7,101,10,-17,0.0,0,0,2023,2023-07,"{""type"":""MultiPoint"",""coordinates"":[]}"
6_26,30000,53.60197441351149,-113.5294665635097,7,101,10,-17,0.0,0,0,2023,2023-07,"{""type"":""MultiPoint"",""coordinates"":[]}"
6_27,30000,53.69253885594747,-113.09464448908342,7,101,10,-17,0.0,0,0,2023,2023-07,"{""type"":""MultiPoint"",""coordinates"":[]}"
6_28,30000,52.2898535717501,-119.97725550517926,7,101,10,-17,0.0,0,0,2023,2023-07,"{""type"":""MultiPoint"",""coordinates"":[]}"
6_29,30000,52.405738840261776,-119.57402864063553,7,101,10,-17,0.0,0,0,2023,2023-07,"{""type"":""MultiPoint"",""coordinates"":[]}"
6_30,30000,52.85378245083254,-117.9373092308009,7,101,10,-17,0.0,0,0,2023,2023-07,"{""type"":""MultiPoint"",""coordinates"":[]}"
6_31,30000,52.96184022206535,-117.522242923646,7,101,10,-17,0.0,0,0,2023,2023-07,"{""type"":""MultiPoint"",""coordinates"":[]}"
6_32,30000,53.06828548764293,-117.10485196858394,7,101,10,-17,0.0,0,0,2023,2023-07,"{""type"":""MultiPoint"",""coordinates"":[]}"
6_33,30000,52.65300127031511,-119.7634629346544,7,101,10,-17,0.0755836762923182,0,0,2023,2023-07,"{""type"":""MultiPoint"",""coordinates"":[]}"
6_34,30000,52.88177809669702,-118.94571433661078,7,101,10,-17,0.0,0,0,2023,2023-07,"{""type"":""MultiPoint"",""coordinates"":[]}"
6_35,30000,52.99381495113538,-118.53321579118975,7,101,10,-17,0.0,0,0,2023,2023-07,"{""type"":""MultiPoint"",""coordinates"":[]}"
6_36,30000,53.21310573584495,-117.70103852867418,7,101,10,-17,0.0,0,0,2023,2023-07,"{""type"":""MultiPoint"",""coordinates"":[]}"
6_37,30000,52.90009134683862,-119.95533376849434,7,101,10,-17,0.0,0,0,2023,2023-07,"{""type"":""MultiPoint"",""coordinates"":[]}"
6_38,30000,53.01608169365161,-119.54561848144124,7,101,10,-17,0.0,0,0,2023,2023-07,"{""type"":""MultiPoint"",""coordinates"":[]}"
6_39,30000,53.13050779314373,-119.13343464452662,7,101,10,-17,0.0,0,0,2023,2023-07,"{""type"":""MultiPoint"",""coordinates"":[]}"
6_40,30000,53.243353374368105,-118.7187948110295,7,101,10,-17,0.0,0,0,2023,2023-07,"{""type"":""MultiPoint"",""coordinates"":[]}"
6_41,30000,53.35460222981132,-118.30171251915094,7,101,10,-17,0.0,0,0,2023,2023-07,"{""type"":""MultiPoint"",""coordinates"":[]}"
6_42,30000,53.26382002930297,-119.73790472317289,7,101,10,-17,0.0,0,0,2023,2023-07,"{""type"":""MultiPoint"",""coordinates"":[]}"
6_43,30000,53.37907028660024,-119.32361111319389,7,101,10,-17,0.0,0,0,2023,2023-07,"{""type"":""MultiPoint"",""coordinates"":[]}"
6_44,30000,53.4927325704762,-118.9068164559419,7,101,10,-17,0.0,0,0,2023,2023-07,"{""type"":""MultiPoint"",""coordinates"":[]}"
6_45,30000,53.51137236821777,-119.93270456841087,7,101,10,-17,0.0,0,0,2023,2023-07,"{""type"":""MultiPoint"",""coordinates"":[]}"
6_46,30000,53.62745484977901,-119.51628879733434,7,101,10,-17,0.0,0,0,2023,2023-07,"{""type"":""MultiPoint"",""coordinates"":[]}"
6_47,30000,53.74194191986209,-119.09732591909331,7,101,10,-17,0.0,0,0,2023,2023-07,"{""type"":""MultiPoint"",""coordinates"":[]}"
6_48,30000,53.87565057154578,-119.71151376096302,7,101,10,-17,0.0,0,0,2023,2023-07,"{""type"":""MultiPoint"",""coordinates"":[]}"
6_49,30000,55.0805426747958,-118.5855617479212,7,101,10,-17,0.0,0,0,2023,2023-07,"{""type"":""MultiPoint"",""coordinates"":[]}"
6_50,30000,56.64451745330842,-111.26052138401275,7,101,10,-17,0.0,0,0,2023,2023-07,"{""type"":""MultiPoint"",""coordinates"":[]}"
6_51,30000,56.907411437606235,-111.41184772908355,7,101,10,-17,0.0,0,0,2023,2023-07,"{""type"":""MultiPoint"",""coordinates"":[]}"
6_52,30000,57.17023319594705,-111.56547764278571,7,101,10,-17,0.0,0,0,2023,2023-07,"{""type"":""MultiPoint"",""coordinates"":[]}"
7_0,30000,49.284646140761865,-116.93460285017092,8,90,10,-17,0.0,0,0,2023,2023-08,"{""type"":""MultiPoint"",""coordinates"":[]}"
7_1,30000,49.38760957074548,-116.5525010802803,8,90,10,-17,0.0,0,0,2023,2023-08,"{""type"":""MultiPoint"",""coordinates"":[]}"
7_2,30000,49.21421301288176,-118.23446576361728,8,90,10,-17,0.0,0,0,2023,2023-08,"{""type"":""MultiPoint"",""coordinates"":[]}"
7_3,30000,49.322238428535584,-117.85628646157005,8,90,10,-17,0.0,0,0,2023,2023-08,"{""type"":""MultiPoint"",""coordinates"":[]}"
7_4,30000,49.53396897725848,-117.09406857632294,8,90,10,-17,0.0,0,0,2023,2023-08,"{""type"":""MultiPoint"",""coordinates"":[]}"
7_5,30000,49.63764742530981,-116.71005494498901,8,90,10,-17,0.0,0,0,2023,2023-08,"{""type"":""MultiPoint"",""coordinates"":[]}"
7_6,30000,49.739850320366976,-116.3241226397088,8,90,10,-17,0.0,0,0,2023,2023-08,"{""type"":""MultiPoint"",""coordinates"":[]}"
7_7,30000,49.570055481237304,-118.02143560882614,8,90,10,-17,0.0,0,0,2023,2023-08,"{""type"":""MultiPoint"",""coordinates"":[]}"
7_8,30000,49.67738129258726,-117.63944020570969,8,90,10,-17,0.0,0,0,2023,2023-08,"{""type"":""MultiPoint"",""coordinates"":[]}"
7_9,30000,49.783250997210715,-117.25546660422468,8,90,10,-17,0.0,0,0,2023,2023-08,"{""type"":""MultiPoint"",""coordinates"":[]}"
7_10,30000,49.887651095363516,-116.8695276003889,8,90,10,-17,0.014964123610094355,0,0,2023,2023-08,"{""type"":""MultiPoint"",""coordinates"":[]}"
7_11,30000,49.99056816130502,-116.48163670037009,8,90,10,-17,0.10607426727606767,0,0,2023,2023-08,"{""type"":""MultiPoint"",""coordinates"":[]}"
7_12,30000,49.70829163092027,-118.57041748216366,8,90,10,-17,0.0,0,0,2023,2023-08,"{""type"":""MultiPoint"",""coordinates"":[]}"
7_13,30000,49.81780963922117,-118.1885751638864,8,90,10,-17,0.0,0,0,2023,2023-08,"{""type"":""MultiPoint"",""coordinates"":[]}"
7_14,30000,49.92587820738716,-117.80470870536384,8,90,10,-17,0.0,0,0,2023,2023-08,"{""type"":""MultiPoint"",""coordinates"":[]}"
7_15,30000,50.032483572308095,-117.41883015284704,8,90,10,-17,0.0,0,0,2023,2023-08,"{""type"":""MultiPoint"",""coordinates"":[]}"
7_16,30000,50.13761203878164,-117.03095227158914,8,90,10,-17,0.0,0,0,2023,2023-08,"{""type"":""MultiPoint"",""coordinates"":[]}"
7_17,30000,52.65029441284732,-111.08664255426181,8,90,10,-17,0.0,0,0,2023,2023-08,"{""type"":""MultiPoint"",""coordinates"":[]}"
7_18,30000,52.10159673710142,-117.40815455704802,8,90,10,-17,0.0,0,0,2023,2023-08,"{""type"":""MultiPoint"",""coordinates"":[]}"
7_19,30000,52.20734520139947,-116.99963638331744,8,90,10,-17,0.0,0,0,2023,2023-08,"{""type"":""MultiPoint"",""coordinates"":[]}"
7_20,30000,52.311505756254896,-116.58891787321416,8,90,10,-17,0.0,0,0,2023,2023-08,"{""type"":""MultiPoint"",""coordinates"":[]}"
7_21,30000,52.41406362710366,-116.17601572764892,8,90,10,-17,0.0,0,0,2023,2023-08,"{""type"":""MultiPoint"",""coordinates"":[]}"
7_22,30000,51.680708305973745,-119.99850243932976,8,90,10,-17,0.0,0,0,2023,2023-08,"{""type"":""MultiPoint"",""coordinates"":[]}"
7_23,30000,52.352439512601634,-117.58226888824623,8,90,10,-17,0.05840911247779065,0,0,2023,2023-08,"{""type"":""MultiPoint"",""coordinates"":[]}"
7_24,30000,52.458950151741966,-117.1715837603088,8,90,10,-17,0.0,0,0,2023,2023-08,"{""type"":""MultiPoint"",""coordinates"":[]}"
7_25,30000,52.56386468909943,-116.75865779499183,8,90,10,-17,0.0,0,0,2023,2023-08,"{""type"":""MultiPoint"",""coordinates"":[]}"
7_26,30000,52.66716811913094,-116.34350769123394,8,90,10,-17,0.0,0,0,2023,2023-08,"{""type"":""MultiPoint"",""coordinates"":[]}"
7_27,30000,52.60317135958741,-117.7586399806141,8,90,10,-17,0.0,0,0,2023,2023-08,"{""type"":""MultiPoint"",""coordinates"":[]}"
7_28,30000,52.71045173248939,-117.34577212936695,8,90,10,-17,0.0,0,0,2023,2023-08,"{""type"":""MultiPoint"",""coordinates"":[]}"
7_29,30000,52.81612780426741,-116.93062201161017,8,90,10,-17,0.0,0,0,2023,2023-08,"{""type"":""MultiPoint"",""coordinates"":[]}"
7_30,30000,53.60197441351149,-113.5294665635097,8,90,10,-17,0.0,0,0,2023,2023-08,"{""type"":""MultiPoint"",""coordinates"":[]}"
7_31,30000,53.69253885594747,-113.09464448908342,8,90,10,-17,0.0,0,0,2023,2023-08,"{""type"":""MultiPoint"",""coordinates"":[]}"
7_32,30000,52.2898535717501,-119.97725550517926,8,90,10,-17,0.5001734856888277,0,0,2023,2023-08,"{""type"":""MultiPoint"",""coordinates"":[]}"
7_33,30000,52.405738840261776,-119.57402864063553,8,90,10,-17,0.0,0,0,2023,2023-08,"{""type"":""MultiPoint"",""coordinates"":[]}"
7_34,30000,52.85378245083254,-117.9373092308009,8,90,10,-17,0.0,0,0,2023,2023-08,"{""type"":""MultiPoint"",""coordinates"":[]}"
7_35,30000,52.96184022206535,-117.522242923646,8,90,10,-17,0.0,0,0,2023,2023-08,"{""type"":""MultiPoint"",""coordinates"":[]}"
7_36,30000,52.65300127031511,-119.7634629346544,8,90,10,-17,0.0,0,0,2023,2023-08,"{""type"":""MultiPoint"",""coordinates"":[]}"
7_37,30000,52.76816819377785,-119.35580095112637,8,90,10,-17,0.0,0,0,2023,2023-08,"{""type"":""MultiPoint"",""coordinates"":[]}"
7_38,30000,52.88177809669702,-118.94571433661078,8,90,10,-17,0.0,0,0,2023,2023-08,"{""type"":""MultiPoint"",""coordinates"":[]}"
7_39,30000,52.99381495113538,-118.53321579118975,8,90,10,-17,0.0,0,0,2023,2023-08,"{""type"":""MultiPoint"",""coordinates"":[]}"
7_40,30000,53.10426279439886,-118.11831897622909,8,90,10,-17,0.0,0,0,2023,2023-08,"{""type"":""MultiPoint"",""coordinates"":[]}"
7_41,30000,53.21310573584495,-117.70103852867418,8,90,10,-17,0.0,0,0,2023,2023-08,"{""type"":""MultiPoint"",""coordinates"":[]}"
7_42,30000,52.90009134683862,-119.95533376849434,8,90,10,-17,0.07176009871111994,0,0,2023,2023-08,"{""type"":""MultiPoint"",""coordinates"":[]}"
7_43,30000,53.01608169365161,-119.54561848144124,8,90,10,-17,0.0,0,0,2023,2023-08,"{""type"":""MultiPoint"",""coordinates"":[]}"
7_44,30000,53.13050779314373,-119.13343464452662,8,90,10,-17,0.0,0,0,2023,2023-08,"{""type"":""MultiPoint"",""coordinates"":[]}"
7_45,30000,53.243353374368105,-118.7187948110295,8,90,10,-17,0.0,0,0,2023,2023-08,"{""type"":""MultiPoint"",""coordinates"":[]}"
7_46,30000,53.26382002930297,-119.73790472317289,8,90,10,-17,0.0,0,0,2023,2023-08,"{""type"":""MultiPoint"",""coordinates"":[]}"
7_47,30000,53.37907028660024,-119.32361111319389,8,90,10,-17,0.0,0,0,2023,2023-08,"{""type"":""MultiPoint"",""coordinates"":[]}"
7_48,30000,53.4927325704762,-118.9068164559419,8,90,10,-17,0.0,0,0,2023,2023-08,"{""type"":""MultiPoint"",""coordinates"":[]}"
7_49,30000,53.51137236821777,-119.93270456841087,8,90,10,-17,0.0,0,0,2023,2023-08,"{""type"":""MultiPoint"",""coordinates"":[]}"
7_50,30000,53.62745484977901,-119.51628879733434,8,90,10,-17,0.0,0,0,2023,2023-08,"{""type"":""MultiPoint"",""coordinates"":[]}"
7_51,30000,53.74194191986209,-119.09732591909331,8,90,10,-17,0.0,0,0,2023,2023-08,"{""type"":""MultiPoint"",""coordinates"":[]}"
7_52,30000,54.12364635257429,-119.90933310213059,8,90,10,-17,0.0,0,0,2023,2023-08,"{""type"":""MultiPoint"",""coordinates"":[]}"
7_53,30000,56.64451745330842,-111.26052138401275,8,90,10,-17,0.0,0,0,2023,2023-08,"{""type"":""MultiPoint"",""coordinates"":[]}"
7_54,30000,56.907411437606235,-111.41184772908355,8,90,10,-17,0.0,0,0,2023,2023-08,"{""type"":""MultiPoint"",""coordinates"":[]}"
7_55,30000,57.17023319594705,-111.56547764278571,8,90,10,-17,0.0,0,0,2023,2023-08,"{""type"":""MultiPoint"",""coordinates"":[]}"
7_56,30000,57.432973454116635,-111.72146229357841,8,90,10,-17,0.0,0,0,2023,2023-08,"{""type"":""MultiPoint"",""coordinates"":[]}"
7_57,30000,56.1968074904156,-118.94035790814556,8,90,10,-17,0.0,0,0,2023,2023-08,"{""type"":""MultiPoint"",""coordinates"":[]}"
8_0,30000,49.284646140761865,-116.93460285017092,9,97,10,-17,0.0,0,0,2023,2023-09,"{""type"":""MultiPoint"",""coordinates"":[]}"
8_1,30000,49.38760957074548,-116.5525010802803,9,97,10,-17,0.0,0,0,2023,2023-09,"{""type"":""MultiPoint"",""coordinates"":[]}"
8_2,30000,49.21421301288176,-118.23446576361728,9,97,10,-17,0.0,0,0,2023,2023-09,"{""type"":""MultiPoint"",""coordinates"":[]}"
8_3,30000,49.428828209113526,-117.47615002147718,9,97,10,-17,0.0,0,0,2023,2023-09,"{""type"":""MultiPoint"",""coordinates"":[]}"
8_4,30000,49.53396897725848,-117.09406857632294,9,97,10,-17,0.0,0,0,2023,2023-09,"{""type"":""MultiPoint"",""coordinates"":[]}"
8_5,30000,49.63764742530981,-116.71005494498901,9,97,10,-17,0.0,0,0,2023,2023-09,"{""type"":""MultiPoint"",""coordinates"":[]}"
8_6,30000,49.46128713174212,-118.40144071980905,9,97,10,-17,0.0,0,0,2023,2023-09,"{""type"":""MultiPoint"",""coordinates"":[]}"
8_7,30000,49.570055481237304,-118.02143560882614,9,97,10,-17,0.0,0,0,2023,2023-09,"{""type"":""MultiPoint"",""coordinates"":[]}"
8_8,30000,49.67738129258726,-117.63944020570969,9,97,10,-17,0.0,0,0,2023,2023-09,"{""type"":""MultiPoint"",""coordinates"":[]}"
8_9,30000,49.783250997210715,-117.25546660422468,9,97,10,-17,0.0,0,0,2023,2023-09,"{""type"":""MultiPoint"",""coordinates"":[]}"
8_10,30000,49.887651095363516,-116.8695276003889,9,97,10,-17,0.0,0,0,2023,2023-09,"{""type"":""MultiPoint"",""coordinates"":[]}"
8_11,30000,49.99056816130502,-116.48163670037009,9,97,10,-17,0.0,0,0,2023,2023-09,"{""type"":""MultiPoint"",""coordinates"":[]}"
8_12,30000,49.81780963922117,-118.1885751638864,9,97,10,-17,0.0,0,0,2023,2023-09,"{""type"":""MultiPoint"",""coordinates"":[]}"
8_13,30000,49.92587820738716,-117.80470870536384,9,97,10,-17,0.0,0,0,2023,2023-09,"{""type"":""MultiPoint"",""coordinates"":[]}"
8_14,30000,50.032483572308095,-117.41883015284704,9,97,10,-17,0.0,0,0,2023,2023-09,"{""type"":""MultiPoint"",""coordinates"":[]}"
8_15,30000,52.827778918144936,-113.07754525746802,9,97,10,-17,0.0,0,0,2023,2023-09,"{""type"":""MultiPoint"",""coordinates"":[]}"
8_16,30000,52.10159673710142,-117.40815455704802,9,97,10,-17,0.0,0,0,2023,2023-09,"{""type"":""MultiPoint"",""coordinates"":[]}"
8_17,30000,52.20734520139947,-116.99963638331744,9,97,10,-17,0.0,0,0,2023,2023-09,"{""type"":""MultiPoint"",""coordinates"":[]}"
8_18,30000,52.311505756254896,-116.58891787321416,9,97,10,-17,0.0,0,0,2023,2023-09,"{""type"":""MultiPoint"",""coordinates"":[]}"
8_19,30000,52.41406362710366,-116.17601572764892,9,97,10,-17,0.0,0,0,2023,2023-09,"{""type"":""MultiPoint"",""coordinates"":[]}"
8_20,30000,52.352439512601634,-117.58226888824623,9,97,10,-17,0.0,0,0,2023,2023-09,"{""type"":""MultiPoint"",""coordinates"":[]}"
8_21,30000,52.458950151741966,-117.1715837603088,9,97,10,-17,0.0,0,0,2023,2023-09,"{""type"":""MultiPoint"",""coordinates"":[]}"
8_22,30000,52.56386468909943,-116.75865779499183,9,97,10,-17,0.02825450123488335,0,0,2023,2023-09,"{""type"":""MultiPoint"",""coordinates"":[]}"
8_23,30000,52.66716811913094,-116.34350769123394,9,97,10,-17,0.0,0,0,2023,2023-09,"{""type"":""MultiPoint"",""coordinates"":[]}"
8_24,30000,52.0432442295542,-119.78822719073767,9,97,10,-17,0.0,0,0,2023,2023-09,"{""type"":""MultiPoint"",""coordinates"":[]}"
8_25,30000,52.60317135958741,-117.7586399806141,9,97,10,-17,0.0,0,0,2023,2023-09,"{""type"":""MultiPoint"",""coordinates"":[]}"
8_26,30000,52.71045173248939,-117.34577212936695,9,97,10,-17,0.0,0,0,2023,2023-09,"{""type"":""MultiPoint"",""coordinates"":[]}"
8_27,30000,52.81612780426741,-116.93062201161017,9,97,10,-17,0.0,0,0,2023,2023-09,"{""type"":""MultiPoint"",""coordinates"":[]}"
8_28,30000,53.415647481881564,-114.39279613532302,9,97,10,-17,0.0,0,0,2023,2023-09,"{""type"":""MultiPoint"",""coordinates"":[]}"
8_29,30000,53.60197441351149,-113.5294665635097,9,97,10,-17,0.0,0,0,2023,2023-09,"{""type"":""MultiPoint"",""coordinates"":[]}"
8_30,30000,52.2898535717501,-119.97725550517926,9,97,10,-17,0.0,0,0,2023,2023-09,"{""type"":""MultiPoint"",""coordinates"":[]}"
8_31,30000,52.405738840261776,-119.57402864063553,9,97,10,-17,0.0,0,0,2023,2023-09,"{""type"":""MultiPoint"",""coordinates"":[]}"
8_32,30000,52.85378245083254,-117.9373092308009,9,97,10,-17,0.0,0,0,2023,2023-09,"{""type"":""MultiPoint"",""coordinates"":[]}"
8_33,30000,52.96184022206535,-117.522242923646,9,97,10,-17,0.0,0,0,2023,2023-09,"{""type"":""MultiPoint"",""coordinates"":[]}"
8_34,30000,53.06828548764293,-117.10485196858394,9,97,10,-17,0.0,0,0,2023,2023-09,"{""type"":""MultiPoint"",""coordinates"":[]}"
8_35,30000,52.65300127031511,-119.7634629346544,9,97,10,-17,0.0,0,0,2023,2023-09,"{""type"":""MultiPoint"",""coordinates"":[]}"
8_36,30000,53.21310573584495,-117.70103852867418,9,97,10,-17,0.0,0,0,2023,2023-09,"{""type"":""MultiPoint"",""coordinates"":[]}"
8_37,30000,52.90009134683862,-119.95533376849434,9,97,10,-17,0.0,0,0,2023,2023-09,"{""type"":""MultiPoint"",""coordinates"":[]}"
8_38,30000,53.01608169365161,-119.54561848144124,9,97,10,-17,0.0,0,0,2023,2023-09,"{""type"":""MultiPoint"",""coordinates"":[]}"
8_39,30000,53.13050779314373,-119.13343464452662,9,97,10,-17,0.0,0,0,2023,2023-09,"{""type"":""MultiPoint"",""coordinates"":[]}"
8_40,30000,53.26382002930297,-119.73790472317289,9,97,10,-17,0.0,0,0,2023,2023-09,"{""type"":""MultiPoint"",""coordinates"":[]}"
8_41,30000,53.37907028660024,-119.32361111319389,9,97,10,-17,0.0,0,0,2023,2023-09,"{""type"":""MultiPoint"",""coordinates"":[]}"
8_42,30000,53.4927325704762,-118.9068164559419,9,97,10,-17,0.0,0,0,2023,2023-09,"{""type"":""MultiPoint"",""coordinates"":[]}"
8_43,30000,53.51137236821777,-119.93270456841087,9,97,10,-17,0.0,0,0,2023,2023-09,"{""type"":""MultiPoint"",""coordinates"":[]}"
8_44,30000,53.74194191986209,-119.09732591909331,9,97,10,-17,0.0,0,0,2023,2023-09,"{""type"":""MultiPoint"",""coordinates"":[]}"
8_45,30000,53.87565057154578,-119.71151376096302,9,97,10,-17,0.0,0,0,2023,2023-09,"{""type"":""MultiPoint"",""coordinates"":[]}"
8_46,30000,55.0805426747958,-118.5855617479212,9,97,10,-17,0.0,0,0,2023,2023-09,"{""type"":""MultiPoint"",""coordinates"":[]}"
8_47,30000,56.64451745330842,-111.26052138401275,9,97,10,-17,0.0,0,0,2023,2023-09,"{""type"":""MultiPoint"",""coordinates"":[]}"
8_48,30000,57.17023319594705,-111.56547764278571,9,97,10,-17,0.0,0,0,2023,2023-09,"{""type"":""MultiPoint"",""coordinates"":[]}"
9_0,30000,49.284646140761865,-116.93460285017092,10,98,10,-17,0.0,0,0,2023,2023-10,"{""type"":""MultiPoint"",""coordinates"":[]}"
9_1,30000,49.38760957074548,-116.5525010802803,10,98,10,-17,0.0,0,0,2023,2023-10,"{""type"":""MultiPoint"",""coordinates"":[]}"
9_2,30000,49.53396897725848,-117.09406857632294,10,98,10,-17,0.0,0,0,2023,2023-10,"{""type"":""MultiPoint"",""coordinates"":[]}"
9_3,30000,49.63764742530981,-116.71005494498901,10,98,10,-17,0.0840705139970829,0,0,2023,2023-10,"{""type"":""MultiPoint"",""coordinates"":[]}"
9_4,30000,49.739850320366976,-116.3241226397088,10,98,10,-17,0.0,0,0,2023,2023-10,"{""type"":""MultiPoint"",""coordinates"":[]}"
9_5,30000,49.570055481237304,-118.02143560882614,10,98,10,-17,0.0,0,0,2023,2023-10,"{""type"":""MultiPoint"",""coordinates"":[]}"
9_6,30000,49.67738129258726,-117.63944020570969,10,98,10,-17,0.0,0,0,2023,2023-10,"{""type"":""MultiPoint"",""coordinates"":[]}"
9_7,30000,49.783250997210715,-117.25546660422468,10,98,10,-17,0.0,0,0,2023,2023-10,"{""type"":""MultiPoint"",""coordinates"":[]}"
9_8,30000,49.887651095363516,-116.8695276003889,10,98,10,-17,0.0,0,0,2023,2023-10,"{""type"":""MultiPoint"",""coordinates"":[]}"
9_9,30000,49.99056816130502,-116.48163670037009,10,98,10,-17,0.0,0,0,2023,2023-10,"{""type"":""MultiPoint"",""coordinates"":[]}"
9_10,30000,49.70829163092027,-118.57041748216366,10,98,10,-17,0.0,0,0,2023,2023-10,"{""type"":""MultiPoint"",""coordinates"":[]}"
9_11,30000,49.81780963922117,-118.1885751638864,10,98,10,-17,0.0,0,0,2023,2023-10,"{""type"":""MultiPoint"",""coordinates"":[]}"
9_12,30000,49.92587820738716,-117.80470870536384,10,98,10,-17,0.0,0,0,2023,2023-10,"{""type"":""MultiPoint"",""coordinates"":[]}"
9_13,30000,50.032483572308095,-117.41883015284704,10,98,10,-17,0.0,0,0,2023,2023-10,"{""type"":""MultiPoint"",""coordinates"":[]}"
9_14,30000,50.13761203878164,-117.03095227158914,10,98,10,-17,0.0,0,0,2023,2023-10,"{""type"":""MultiPoint"",""coordinates"":[]}"
9_15,30000,52.10159673710142,-117.40815455704802,10,98,10,-17,0.0,0,0,2023,2023-10,"{""type"":""MultiPoint"",""coordinates"":[]}"
9_16,30000,52.20734520139947,-116.99963638331744,10,98,10,-17,0.0,0,0,2023,2023-10,"{""type"":""MultiPoint"",""coordinates"":[]}"
9_17,30000,52.311505756254896,-116.58891787321416,10,98,10,-17,0.0,0,0,2023,2023-10,"{""type"":""MultiPoint"",""coordinates"":[]}"
9_18,30000,52.41406362710366,-116.17601572764892,10,98,10,-17,0.0,0,0,2023,2023-10,"{""type"":""MultiPoint"",""coordinates"":[]}"
9_19,30000,51.680708305973745,-119.99850243932976,10,98,10,-17,0.0,0,0,2023,2023-10,"{""type"":""MultiPoint"",""coordinates"":[]}"
9_20,30000,52.352439512601634,-117.58226888824623,10,98,10,-17,0.0,0,0,2023,2023-10,"{""type"":""MultiPoint"",""coordinates"":[]}"
9_21,30000,52.458950151741966,-117.1715837603088,10,98,10,-17,0.0,0,0,2023,2023-10,"{""type"":""MultiPoint"",""coordinates"":[]}"
9_22,30000,52.56386468909943,-116.75865779499183,10,98,10,-17,0.0,0,0,2023,2023-10,"{""type"":""MultiPoint"",""coordinates"":[]}"
9_23,30000,52.66716811913094,-116.34350769123394,10,98,10,-17,0.0,0,0,2023,2023-10,"{""type"":""MultiPoint"",""coordinates"":[]}"
9_24,30000,52.0432442295542,-119.78822719073767,10,98,10,-17,0.0,0,0,2023,2023-10,"{""type"":""MultiPoint"",""coordinates"":[]}"
9_25,30000,52.60317135958741,-117.7586399806141,10,98,10,-17,0.0,0,0,2023,2023-10,"{""type"":""MultiPoint"",""coordinates"":[]}"
9_26,30000,52.71045173248939,-117.34577212936695,10,98,10,-17,0.014780706545152789,0,0,2023,2023-10,"{""type"":""MultiPoint"",""coordinates"":[]}"
9_27,30000,52.81612780426741,-116.93062201161017,10,98,10,-17,0.0,0,0,2023,2023-10,"{""type"":""MultiPoint"",""coordinates"":[]}"
9_28,30000,53.60197441351149,-113.5294665635097,10,98,10,-17,0.0,0,0,2023,2023-10,"{""type"":""MultiPoint"",""coordinates"":[]}"
9_29,30000,52.2898535717501,-119.97725550517926,10,98,10,-17,0.0,0,0,2023,2023-10,"{""type"":""MultiPoint"",""coordinates"":[]}"
9_30,30000,52.405738840261776,-119.57402864063553,10,98,10,-17,0.0,0,0,2023,2023-10,"{""type"":""MultiPoint"",""coordinates"":[]}"
9_31,30000,52.85378245083254,-117.9373092308009,10,98,10,-17,0.0,0,0,2023,2023-10,"{""type"":""MultiPoint"",""coordinates"":[]}"
9_32,30000,52.96184022206535,-117.522242923646,10,98,10,-17,0.0,0,0,2023,2023-10,"{""type"":""MultiPoint"",""coordinates"":[]}"
9_33,30000,53.06828548764293,-117.10485196858394,10,98,10,-17,0.0,0,0,2023,2023-10,"{""type"":""MultiPoint"",""coordinates"":[]}"
9_34,30000,52.65300127031511,-119.7634629346544,10,98,10,-17,0.0,0,0,2023,2023-10,"{""type"":""MultiPoint"",""coordinates"":[]}"
9_35,30000,52.76816819377785,-119.35580095112637,10,98,10,-17,0.0,0,0,2023,2023-10,"{""type"":""MultiPoint"",""coordinates"":[]}"
9_36,30000,52.99381495113538,-118.53321579118975,10,98,10,-17,0.0,0,0,2023,2023-10,"{""type"":""MultiPoint"",""coordinates"":[]}"
9_37,30000,53.21310573584495,-117.70103852867418,10,98,10,-17,0.0,0,0,2023,2023-10,"{""type"":""MultiPoint"",""coordinates"":[]}"
9_38,30000,52.90009134683862,-119.95533376849434,10,98,10,-17,0.0,0,0,2023,2023-10,"{""type"":""MultiPoint"",""coordinates"":[]}"
9_39,30000,53.01608169365161,-119.54561848144124,10,98,10,-17,0.0,0,0,2023,2023-10,"{""type"":""MultiPoint"",""coordinates"":[]}"
9_40,30000,53.13050779314373,-119.13343464452662,10,98,10,-17,0.0,0,0,2023,2023-10,"{""type"":""MultiPoint"",""coordinates"":[]}"
9_41,30000,53.243353374368105,-118.7187948110295,10,98,10,-17,0.0,0,0,2023,2023-10,"{""type"":""MultiPoint"",""coordinates"":[]}"
9_42,30000,53.26382002930297,-119.73790472317289,10,98,10,-17,0.0,0,0,2023,2023-10,"{""type"":""MultiPoint"",""coordinates"":[]}"
9_43,30000,53.37907028660024,-119.32361111319389,10,98,10,-17,0.0,0,0,2023,2023-10,"{""type"":""MultiPoint"",""coordinates"":[]}"
9_44,30000,53.4927325704762,-118.9068164559419,10,98,10,-17,0.0,0,0,2023,2023-10,"{""type"":""MultiPoint"",""coordinates"":[]}"
9_45,30000,53.51137236821777,-119.93270456841087,10,98,10,-17,0.0,0,0,2023,2023-10,"{""type"":""MultiPoint"",""coordinates"":[]}"
9_46,30000,53.62745484977901,-119.51628879733434,10,98,10,-17,0.0,0,0,2023,2023-10,"{""type"":""MultiPoint"",""coordinates"":[]}"
9_47,30000,53.74194191986209,-119.09732591909331,10,98,10,-17,0.0,0,0,2023,2023-10,"{""type"":""MultiPoint"",""coordinates"":[]}"
9_48,30000,53.87565057154578,-119.71151376096302,10,98,10,-17,0.0,0,0,2023,2023-10,"{""type"":""MultiPoint"",""coordinates"":[]}"
9_49,30000,56.64451745330842,-111.26052138401275,10,98,10,-17,0.0,0,0,2023,2023-10,"{""type"":""MultiPoint"",""coordinates"":[]}"
9_50,30000,57.17023319594705,-111.56547764278571,10,98,10,-17,0.0,0,0,2023,2023-10,"{""type"":""MultiPoint"",""coordinates"":[]}"
10_0,30000,49.284646140761865,-116.93460285017092,11,99,10,-17,0.0,0,0,2023,2023-11,"{""type"":""MultiPoint"",""coordinates"":[]}"
10_1,30000,49.38760957074548,-116.5525010802803,11,99,10,-17,0.0,0,0,2023,2023-11,"{""type"":""MultiPoint"",""coordinates"":[]}"
10_2,30000,49.428828209113526,-117.47615002147718,11,99,10,-17,0.0,0,0,2023,2023-11,"{""type"":""MultiPoint"",""coordinates"":[]}"
10_3,30000,49.53396897725848,-117.09406857632294,11,99,10,-17,0.0,0,0,2023,2023-11,"{""type"":""MultiPoint"",""coordinates"":[]}"
10_4,30000,49.63764742530981,-116.71005494498901,11,99,10,-17,0.0,0,0,2023,2023-11,"{""type"":""MultiPoint"",""coordinates"":[]}"
10_5,30000,49.739850320366976,-116.3241226397088,11,99,10,-17,0.0,0,0,2023,2023-11,"{""type"":""MultiPoint"",""coordinates"":[]}"
10_6,30000,49.570055481237304,-118.02143560882614,11,99,10,-17,0.0,0,0,2023,2023-11,"{""type"":""MultiPoint"",""coordinates"":[]}"
10_7,30000,49.67738129258726,-117.63944020570969,11,99,10,-17,0.0,0,0,2023,2023-11,"{""type"":""MultiPoint"",""coordinates"":[]}"
10_8,30000,49.783250997210715,-117.25546660422468,11,99,10,-17,0.0,0,0,2023,2023-11,"{""type"":""MultiPoint"",""coordinates"":[]}"
10_9,30000,49.887651095363516,-116.8695276003889,11,99,10,-17,0.0,0,0,2023,2023-11,"{""type"":""MultiPoint"",""coordinates"":[]}"
10_10,30000,49.99056816130502,-116.48163670037009,11,99,10,-17,0.0,0,0,2023,2023-11,"{""type"":""MultiPoint"",""coordinates"":[]}"
10_11,30000,49.92587820738716,-117.80470870536384,11,99,10,-17,0.0,0,0,2023,2023-11,"{""type"":""MultiPoint"",""coordinates"":[]}"
10_12,30000,50.032483572308095,-117.41883015284704,11,99,10,-17,0.0,0,0,2023,2023-11,"{""type"":""MultiPoint"",""coordinates"":[]}"
10_13,30000,52.827778918144936,-113.07754525746802,11,99,10,-17,0.0,0,0,2023,2023-11,"{""type"":""MultiPoint"",""coordinates"":[]}"
10_14,30000,52.10159673710142,-117.40815455704802,11,99,10,-17,0.0,0,0,2023,2023-11,"{""type"":""MultiPoint"",""coordinates"":[]}"
10_15,30000,52.20734520139947,-116.99963638331744,11,99,10,-17,0.0,0,0,2023,2023-11,"{""type"":""MultiPoint"",""coordinates"":[]}"
10_16,30000,52.311505756254896,-116.58891787321416,11,99,10,-17,0.0,0,0,2023,2023-11,"{""type"":""MultiPoint"",""coordinates"":[]}"
10_17,30000,52.41406362710366,-116.17601572764892,11,99,10,-17,0.0,0,0,2023,2023-11,"{""type"":""MultiPoint"",""coordinates"":[]}"
10_18,30000,52.352439512601634,-117.58226888824623,11,99,10,-17,0.0,0,0,2023,2023-11,"{""type"":""MultiPoint"",""coordinates"":[]}"
10_19,30000,52.458950151741966,-117.1715837603088,11,99,10,-17,0.0,0,0,2023,2023-11,"{""type"":""MultiPoint"",""coordinates"":[]}"
10_20,30000,52.56386468909943,-116.75865779499183,11,99,10,-17,0.0,0,0,2023,2023-11,"{""type"":""MultiPoint"",""coordinates"":[]}"
10_21,30000,52.66716811913094,-116.34350769123394,11,99,10,-17,0.0,0,0,2023,2023-11,"{""type"":""MultiPoint"",""coordinates"":[]}"
10_22,30000,52.0432442295542,-119.78822719073767,11,99,10,-17,0.0,0,0,2023,2023-11,"{""type"":""MultiPoint"",""coordinates"":[]}"
10_23,30000,52.60317135958741,-117.7586399806141,11,99,10,-17,0.0,0,0,2023,2023-11,"{""type"":""MultiPoint"",""coordinates"":[]}"
10_24,30000,52.71045173248939,-117.34577212936695,11,99,10,-17,0.0,0,0,2023,2023-11,"{""type"":""MultiPoint"",""coordinates"":[]}"
10_25,30000,52.81612780426741,-116.93062201161017,11,99,10,-17,0.0,0,0,2023,2023-11,"{""type"":""MultiPoint"",""coordinates"":[]}"
10_26,30000,53.415647481881564,-114.39279613532302,11,99,10,-17,0.0,0,0,2023,2023-11,"{""type"":""MultiPoint"",""coordinates"":[]}"
10_27,30000,53.60197441351149,-113.5294665635097,11,99,10,-17,0.0,0,0,2023,2023-11,"{""type"":""MultiPoint"",""coordinates"":[]}"
10_28,30000,52.2898535717501,-119.97725550517926,11,99,10,-17,0.0,0,0,2023,2023-11,"{""type"":""MultiPoint"",""coordinates"":[]}"
10_29,30000,52.405738840261776,-119.57402864063553,11,99,10,-17,0.0,0,0,2023,2023-11,"{""type"":""MultiPoint"",""coordinates"":[]}"
10_30,30000,52.85378245083254,-117.9373092308009,11,99,10,-17,0.0,0,0,2023,2023-11,"{""type"":""MultiPoint"",""coordinates"":[]}"
10_31,30000,52.96184022206535,-117.522242923646,11,99,10,-17,0.019144216506602172,0,0,2023,2023-11,"{""type"":""MultiPoint"",""coordinates"":[]}"
10_32,30000,53.06828548764293,-117.10485196858394,11,99,10,-17,0.0,0,0,2023,2023-11,"{""type"":""MultiPoint"",""coordinates"":[]}"
10_33,30000,52.65300127031511,-119.7634629346544,11,99,10,-17,0.0,0,0,2023,2023-11,"{""type"":""MultiPoint"",""coordinates"":[]}"
10_34,30000,53.21310573584495,-117.70103852867418,11,99,10,-17,0.0,0,0,2023,2023-11,"{""type"":""MultiPoint"",""coordinates"":[]}"
10_35,30000,52.90009134683862,-119.95533376849434,11,99,10,-17,0.0,0,0,2023,2023-11,"{""type"":""MultiPoint"",""coordinates"":[]}"
10_36,30000,53.01608169365161,-119.54561848144124,11,99,10,-17,0.0,0,0,2023,2023-11,"{""type"":""MultiPoint"",""coordinates"":[]}"
10_37,30000,53.13050779314373,-119.13343464452662,11,99,10,-17,0.0,0,0,2023,2023-11,"{""type"":""MultiPoint"",""coordinates"":[]}"
10_38,30000,53.35460222981132,-118.30171251915094,11,99,10,-17,0.0,0,0,2023,2023-11,"{""type"":""MultiPoint"",""coordinates"":[]}"
10_39,30000,53.26382002930297,-119.73790472317289,11,99,10,-17,0.33351979862597314,0,0,2023,2023-11,"{""type"":""MultiPoint"",""coordinates"":[]}"
10_40,30000,53.37907028660024,-119.32361111319389,11,99,10,-17,0.0,0,0,2023,2023-11,"{""type"":""MultiPoint"",""coordinates"":[]}"
10_41,30000,53.4927325704762,-118.9068164559419,11,99,10,-17,0.0,0,0,2023,2023-11,"{""type"":""MultiPoint"",""coordinates"":[]}"
10_42,30000,53.74194191986209,-119.09732591909331,11,99,10,-17,0.0,0,0,2023,2023-11,"{""type"":""MultiPoint"",""coordinates"":[]}"
10_43,30000,53.87565057154578,-119.71151376096302,11,99,10,-17,0.0,0,0,2023,2023-11,"{""type"":""MultiPoint"",""coordinates"":[]}"
10_44,30000,57.17023319594705,-111.56547764278571,11,99,10,-17,0.0,0,0,2023,2023-11,"{""type"":""MultiPoint"",""coordinates"":[]}"
11_0,30000,49.284646140761865,-116.93460285017092,12,95,10,-17,0.0,0,0,2023,2023-12,"{""type"":""MultiPoint"",""coordinates"":[]}"
11_1,30000,49.38760957074548,-116.5525010802803,12,95,10,-17,0.0,0,0,2023,2023-12,"{""type"":""MultiPoint"",""coordinates"":[]}"
11_2,30000,49.428828209113526,-117.47615002147718,12,95,10,-17,0.25001734295083106,0,0,2023,2023-12,"{""type"":""MultiPoint"",""coordinates"":[]}"
11_3,30000,49.53396897725848,-117.09406857632294,12,95,10,-17,0.0,0,0,2023,2023-12,"{""type"":""MultiPoint"",""coordinates"":[]}"
11_4,30000,49.63764742530981,-116.71005494498901,12,95,10,-17,0.0,0,0,2023,2023-12,"{""type"":""MultiPoint"",""coordinates"":[]}"
11_5,30000,49.739850320366976,-116.3241226397088,12,95,10,-17,0.0,0,0,2023,2023-12,"{""type"":""MultiPoint"",""coordinates"":[]}"
11_6,30000,49.46128713174212,-118.40144071980905,12,95,10,-17,0.0,0,0,2023,2023-12,"{""type"":""MultiPoint"",""coordinates"":[]}"
11_7,30000,49.570055481237304,-118.02143560882614,12,95,10,-17,0.0,0,0,2023,2023-12,"{""type"":""MultiPoint"",""coordinates"":[]}"
11_8,30000,49.67738129258726,-117.63944020570969,12,95,10,-17,0.0,0,0,2023,2023-12,"{""type"":""MultiPoint"",""coordinates"":[]}"
11_9,30000,49.783250997210715,-117.25546660422468,12,95,10,-17,0.0,0,0,2023,2023-12,"{""type"":""MultiPoint"",""coordinates"":[]}"
11_10,30000,49.887651095363516,-116.8695276003889,12,95,10,-17,0.0,0,0,2023,2023-12,"{""type"":""MultiPoint"",""coordinates"":[]}"
11_11,30000,49.99056816130502,-116.48163670037009,12,95,10,-17,0.0,0,0,2023,2023-12,"{""type"":""MultiPoint"",""coordinates"":[]}"
11_12,30000,49.70829163092027,-118.57041748216366,12,95,10,-17,0.0,0,0,2023,2023-12,"{""type"":""MultiPoint"",""coordinates"":[]}"
11_13,30000,49.92587820738716,-117.80470870536384,12,95,10,-17,0.0,0,0,2023,2023-12,"{""type"":""MultiPoint"",""coordinates"":[]}"
11_14,30000,50.032483572308095,-117.41883015284704,12,95,10,-17,0.0,0,0,2023,2023-12,"{""type"":""MultiPoint"",""coordinates"":[]}"
11_15,30000,52.10159673710142,-117.40815455704802,12,95,10,-17,0.0,0,0,2023,2023-12,"{""type"":""MultiPoint"",""coordinates"":[]}"
11_16,30000,52.20734520139947,-116.99963638331744,12,95,10,-17,0.04863016248214901,0,0,2023,2023-12,"{""type"":""MultiPoint"",""coordinates"":[]}"
11_17,30000,52.311505756254896,-116.58891787321416,12,95,10,-17,0.0,0,0,2023,2023-12,"{""type"":""MultiPoint"",""coordinates"":[]}"
11_18,30000,52.41406362710366,-116.17601572764892,12,95,10,-17,0.0,0,0,2023,2023-12,"{""type"":""MultiPoint"",""coordinates"":[]}"
11_19,30000,52.352439512601634,-117.58226888824623,12,95,10,-17,0.0,0,0,2023,2023-12,"{""type"":""MultiPoint"",""coordinates"":[]}"
11_20,30000,52.458950151741966,-117.1715837603088,12,95,10,-17,0.0,0,0,2023,2023-12,"{""type"":""MultiPoint"",""coordinates"":[]}"
11_21,30000,52.56386468909943,-116.75865779499183,12,95,10,-17,0.0,0,0,2023,2023-12,"{""type"":""MultiPoint"",""coordinates"":[]}"
11_22,30000,52.66716811913094,-116.34350769123394,12,95,10,-17,0.0,0,0,2023,2023-12,"{""type"":""MultiPoint"",""coordinates"":[]}"
11_23,30000,52.0432442295542,-119.78822719073767,12,95,10,-17,0.0,0,0,2023,2023-12,"{""type"":""MultiPoint"",""coordinates"":[]}"
11_24,30000,52.60317135958741,-117.7586399806141,12,95,10,-17,0.0,0,0,2023,2023-12,"{""type"":""MultiPoint"",""coordinates"":[]}"
11_25,30000,52.71045173248939,-117.34577212936695,12,95,10,-17,0.0,0,0,2023,2023-12,"{""type"":""MultiPoint"",""coordinates"":[]}"
11_26,30000,52.81612780426741,-116.93062201161017,12,95,10,-17,0.0,0,0,2023,2023-12,"{""type"":""MultiPoint"",""coordinates"":[]}"
11_27,30000,53.415647481881564,-114.39279613532302,12,95,10,-17,0.0,0,0,2023,2023-12,"{""type"":""MultiPoint"",""coordinates"":[]}"
11_28,30000,52.2898535717501,-119.97725550517926,12,95,10,-17,0.0,0,0,2023,2023-12,"{""type"":""MultiPoint"",""coordinates"":[]}"
11_29,30000,52.405738840261776,-119.57402864063553,12,95,10,-17,0.0,0,0,2023,2023-12,"{""type"":""MultiPoint"",""coordinates"":[]}"
11_30,30000,52.85378245083254,-117.9373092308009,12,95,10,-17,0.0,0,0,2023,2023-12,"{""type"":""MultiPoint"",""coordinates"":[]}"
11_31,30000,52.96184022206535,-117.522242923646,12,95,10,-17,0.0,0,0,2023,2023-12,"{""type"":""MultiPoint"",""coordinates"":[]}"
11_32,30000,53.06828548764293,-117.10485196858394,12,95,10,-17,0.0,0,0,2023,2023-12,"{""type"":""MultiPoint"",""coordinates"":[]}"
11_33,30000,52.65300127031511,-119.7634629346544,12,95,10,-17,0.0,0,0,2023,2023-12,"{""type"":""MultiPoint"",""coordinates"":[]}"
11_34,30000,52.99381495113538,-118.53321579118975,12,95,10,-17,0.0,0,0,2023,2023-12,"{""type"":""MultiPoint"",""coordinates"":[]}"
11_35,30000,53.10426279439886,-118.11831897622909,12,95,10,-17,0.0,0,0,2023,2023-12,"{""type"":""MultiPoint"",""coordinates"":[]}"
11_36,30000,53.21310573584495,-117.70103852867418,12,95,10,-17,0.0,0,0,2023,2023-12,"{""type"":""MultiPoint"",""coordinates"":[]}"
11_37,30000,52.90009134683862,-119.95533376849434,12,95,10,-17,0.0,0,0,2023,2023-12,"{""type"":""MultiPoint"",""coordinates"":[]}"
11_38,30000,53.01608169365161,-119.54561848144124,12,95,10,-17,0.0,0,0,2023,2023-12,"{""type"":""MultiPoint"",""coordinates"":[]}"
11_39,30000,53.13050779314373,-119.13343464452662,12,95,10,-17,0.0,0,0,2023,2023-12,"{""type"":""MultiPoint"",""coordinates"":[]}"
11_40,30000,53.35460222981132,-118.30171251915094,12,95,10,-17,0.0,0,0,2023,2023-12,"{""type"":""MultiPoint"",""coordinates"":[]}"
11_41,30000,53.26382002930297,-119.73790472317289,12,95,10,-17,0.0,0,0,2023,2023-12,"{""type"":""MultiPoint"",""coordinates"":[]}"
11_42,30000,53.37907028660024,-119.32361111319389,12,95,10,-17,0.0,0,0,2023,2023-12,"{""type"":""MultiPoint"",""coordinates"":[]}"
11_43,30000,53.4927325704762,-118.9068164559419,12,95,10,-17,0.0,0,0,2023,2023-12,"{""type"":""MultiPoint"",""coordinates"":[]}"
11_44,30000,53.51137236821777,-119.93270456841087,12,95,10,-17,0.0,0,0,2023,2023-12,"{""type"":""MultiPoint"",""coordinates"":[]}"
11_45,30000,53.62745484977901,-119.51628879733434,12,95,10,-17,0.0,0,0,2023,2023-12,"{""type"":""MultiPoint"",""coordinates"":[]}"
11_46,30000,53.87565057154578,-119.71151376096302,12,95,10,-17,0.0,0,0,2023,2023-12,"{""type"":""MultiPoint"",""coordinates"":[]}"
11_47,30000,56.64451745330842,-111.26052138401275,12,95,10,-17,0.0,0,0,2023,2023-12,"{""type"":""MultiPoint"",""coordinates"":[]}"
11_48,30000,57.17023319594705,-111.56547764278571,12,95,10,-17,0.0,0,0,2023,2023-12,"{""type"":""MultiPoint"",""coordinates"":[]}"
